Policy_ID,Customer_Age,Gender,Policy_Type,Annual_Income,Vehicle_Age_Property_Age,Claim_History,Premium_Amount,Claim_Amount,Risk_Score,Fraudulent_Claim
bdd640fb-0667-4ad1-9c80-317fa3b1799d,58,Male,Health,153479.09,7,1,1127.92,5124.76,Low,0
23b8c1e9-3924-46de-beb1-3b9046685257,65,Other,Health,126288.65,1,0,921.63,11633.04,Low,0
bd9c66b3-ad3c-4d6d-9a3d-1fa7bc8960a9,56,Male,Auto,148883.53,22,4,2387.84,22460.45,Medium,0
972a8469-1641-4f82-8b9d-2434e465e150,35,Male,Auto,145665.09,10,2,1199.66,47860.65,Medium,1
17fc695a-07a0-4a6e-8822-e8f36c031199,39,Male,Health,88386.91,11,2,3216.77,40356.41,High,1
9a1de644-815e-46d1-bb8f-aa1837f8a88b,64,Female,Health,195160.84,12,0,2984.18,41470.23,Low,0
b74d0fb1-32e7-4629-8fad-c1a606cb0fb3,57,Female,Auto,146822.93,1,5,1525.54,14469.4,Medium,0
6b65a6a4-8b81-48f6-b38a-088ca65ed389,23,Male,Health,88422.72,14,5,4253.5,8132.7,High,0
47378190-96da-4dac-b2ff-5d2a386ecbe0,40,Male,Life,146327.66,21,5,821.31,31748.91,High,1
c241330b-01a9-471f-9e8a-774bcf36d58b,52,Other,Auto,49412.45,12,2,4952.86,31999.99,High,0
6c307511-b2b9-437a-a8df-6ec4ce4a2bbd,53,Male,Life,171713.35,24,0,1530.72,1605.01,Low,0
371ecd7b-27cd-4130-8722-9389571aa876,38,Female,Life,31913.95,29,4,4443.65,15733.89,High,0
1a2a73ed-562b-4f79-8374-59eef50bea63,59,Female,Property,179242.97,20,3,1142.92,6981.52,Low,0
5be6128e-18c2-4797-a142-ea7d17be3111,65,Other,Life,154462.49,13,4,2297.3,10966.04,Low,0
43b7a3a6-9a8d-4a03-980d-7b71d8f56413,26,Other,Property,36363.69,1,0,1187.79,7999.1,Low,0
759cde66-bacf-43d0-8b1f-9163ce9ff57f,61,Female,Health,89258.12,19,3,2881.01,48553.92,High,1
ec1b8ca1-f91e-4d4c-9ff4-9b7889463e85,73,Male,Health,142707.87,17,2,3958.69,17008.77,Low,0
4b0dbb41-8d52-48f1-942c-3fe860e7a113,36,Female,Auto,101670.27,30,5,4441.34,13169.45,High,0
e2acf72f-9e57-4f7a-a0ee-89aed453dd32,50,Male,Health,176693.34,9,5,2784.48,9945.56,Medium,0
3139d32c-93cd-49bf-9c94-1cf0dc98d2c1,41,Male,Health,127810.03,15,0,1003.4,18149.04,Low,0
a9488d99-0bbb-4599-91ce-5dd2b45ed1f0,71,Female,Auto,30426.53,28,4,4761.27,4282.67,High,0
fc377a4c-4a15-444d-85e7-ce8a3a578a8e,49,Male,Auto,43110.46,15,4,1243.07,26383.69,High,0
ddd1dfb2-3b98-4ef8-9af6-1a26146d3f31,56,Female,Auto,187204.43,24,5,3604.4,35647.45,High,1
7412b293-4729-4739-a14f-f3d719db3ad0,43,Other,Life,98858.02,16,3,1044.52,11234.87,Medium,0
29a3b2e9-5d65-4441-9588-42dea2bc372f,39,Male,Auto,125919.22,0,0,3685.28,2943.69,Low,0
ab9099a4-35a2-40ae-9af3-05535ec42e08,22,Male,Life,32754.32,7,2,3510.4,10711.84,Medium,0
aefcfad8-efc8-4849-b3aa-7efe4458a885,26,Other,Property,63739.5,15,3,1356.84,4846.54,Medium,0
a28defe3-9bf0-4273-9247-6f57a5e5a5ab,45,Female,Property,93998.41,27,5,743.77,32672.77,High,1
3eabedcb-baa8-4dd4-88bd-64072bcfbe01,59,Male,Health,92471.83,10,0,1618.95,9510.45,Low,0
451b4cf3-6123-4df7-b656-af7229d4beef,46,Male,Property,53027.85,14,1,4435.19,3769.24,Low,0
b02b61c4-a3d7-4628-ace6-6fa2fd5166e6,69,Other,Health,29105.9,17,0,4860.48,46318.35,High,1
5304317f-af42-412f-b838-b3268e944239,72,Male,Auto,93154.53,15,1,4390.93,45122.14,Medium,1
0e51f30d-c6a7-4e39-84b0-32ccd7c524a5,28,Female,Health,197355.59,8,3,1783.62,34829.58,Low,0
ce177b4e-0837-48a3-9261-a7ab3aa2e4f9,64,Other,Property,47863.43,9,1,4859.19,28959.01,Medium,0
10f1bc81-448a-4a9e-a6b2-bc5b50c187fc,52,Male,Life,30289.75,18,3,2762.83,42635.99,High,1
9132b63e-f162-47e4-a9c3-49e03602f8ac,28,Male,Health,173241.66,2,4,805.82,43090.96,Medium,1
366eb16f-508e-4ad7-b7c9-3acfe059a0ee,43,Male,Auto,124205.43,1,4,868.93,32868.66,High,0
e27a984d-6548-41d0-bfcd-9eb1a7cad415,54,Other,Life,188247.13,6,5,3722.86,11934.3,Medium,0
24933b83-7577-40a9-a491-f0b2ea1fca65,43,Male,Life,102300.42,29,0,541.92,31057.96,Low,0
beb79919-3f22-4af8-a3be-d01d43cf2fde,54,Male,Health,116774.19,16,2,1096.05,17450.44,Low,0
bf3c4c06-4343-48bc-89fa-6a688fb5d27b,22,Male,Life,71297.73,14,4,3665.93,30583.89,High,1
956269f0-e5d7-4875-adad-d6c795a76d79,69,Other,Health,140215.38,17,2,4692.9,5179.33,Low,0
ff50bde4-3825-47b8-9cab-cc97663f1c97,74,Male,Life,40777.16,3,5,2989.51,13617.41,High,0
7e570ddf-8270-40a8-a369-b584ff5e9ff0,56,Male,Life,56647.52,20,2,2774.34,12556.06,Medium,0
dc713d96-0c0f-4195-817a-f08a1745d6d8,76,Male,Health,134171.2,26,2,698.39,16677.83,Low,0
28f49481-a0a0-4dc4-a720-9bdf1c11f735,26,Other,Life,49084.76,14,4,3675.5,28045.34,High,0
98ae4334-6c12-4ce8-ae34-0454cac5b68c,25,Male,Auto,118206.25,26,2,3121.29,7404.69,Low,0
988c24c9-61b1-4d22-a280-1c4510435a10,26,Male,Life,85637.27,29,0,4545.16,10503.83,Low,0
405cacec-8774-49a9-b7d2-1e02ff01cf99,33,Other,Health,83662.15,17,3,4882.27,37473.88,High,1
f143262f-dc5c-4eed-8da0-365bf89897b9,77,Male,Auto,195717.09,25,1,4466.37,1239.32,Low,0
1d53434b-b881-49b9-ae27-0da702f06b90,65,Female,Property,164402.33,27,5,4148.37,13340.29,Medium,0
c0398710-8976-4334-a281-7efdae849217,68,Other,Health,88857.51,1,3,1500.95,40829.33,High,1
5715bd6f-a416-4293-84c2-e2e3444ea7c8,47,Female,Life,167696.55,27,1,1503.16,33001.66,Low,0
287d06ca-6f4c-469a-8b22-d3081c8eaee9,43,Female,Life,175583.53,30,2,2080.16,25470.28,Low,0
b8db0672-f42d-47cc-80d4-af5974273ca3,61,Other,Life,189062.69,3,2,1303.56,48126.72,Medium,1
f8cda88b-436d-46e2-b83c-fe0be037e5ed,34,Male,Health,127382.83,11,5,4038.93,21819.69,High,0
81f76d1c-2dbc-4134-830f-f46e8026695f,80,Other,Health,89335.18,18,1,1646.25,35439.26,Medium,0
a013ac6e-deda-4e16-9b3d-bd5ce9a1fa6f,18,Other,Auto,85559.86,2,5,4643.47,31157.77,High,1
81f631d4-a392-41a7-9777-a4774c66e0a8,60,Male,Life,111282.05,21,3,1967.82,34860.42,High,1
5fb8d16c-2720-497d-b2eb-d6899be578c7,53,Male,Auto,95680.34,30,3,3547.93,45140.28,High,1
f4188f3f-8a14-4e62-a95b-4715c333e861,57,Other,Life,93093.53,26,0,1867.44,10509.13,Low,0
eb2263dd-87c5-421e-ac24-a3c5c754108f,68,Other,Life,103697.87,14,5,1461.66,23659.31,High,0
7d154385-52fb-443b-9954-6eb400257ad1,75,Other,Auto,138593.13,9,4,3487.34,30963.04,Medium,1
5cec4eb5-edd9-4831-9ca3-5cfb04fc6d82,23,Male,Life,60435.32,6,1,609.91,12242.13,Low,0
ce88cb2d-d4e8-4839-bc3e-058be0f3eab0,48,Other,Health,101974.91,28,5,3090.52,35917.3,High,1
3da9c2a9-0ed4-4f1a-bd4c-bf374eb93eff,42,Female,Property,63917.2,20,5,524.95,37548.22,High,1
14296c07-f26b-4776-913e-4de2e0c53cb8,67,Male,Property,59391.4,25,5,2830.81,2510.92,High,0
d0e6e660-7c69-4ee1-bb5e-4bcf15ed6269,33,Male,Property,44001.04,14,5,2890.09,27946.26,High,1
885f6e66-c2b6-42c5-ba5d-310011b7e948,38,Female,Property,169502.45,17,3,4537.44,37182.77,Medium,1
a8e56e0c-20de-435d-a031-d750c40db9b4,48,Female,Life,155319.82,26,5,1747.9,38883.74,High,1
2a45c2ab-8cbf-4db0-b264-accc79ac1b1e,49,Other,Auto,69427.54,2,5,1785.78,13585.76,High,0
9b49bd26-df57-459a-8715-a10343dac043,38,Other,Health,44907.33,7,3,3622.77,35320.96,High,1
edcd465e-3638-4821-b6e0-7cc06c52c49f,22,Female,Property,79558.65,14,3,780.2,41644.56,High,0
b09b2a5c-badc-432a-8159-0f538a0f4efb,42,Other,Health,174211.77,24,4,2211.71,294.8,Low,0
66245bfa-4fcc-439a-b683-d2e6337ea2df,40,Female,Property,173620.63,30,3,2921.99,36731.7,Medium,1
5f987c71-a65e-488e-abf3-ad39fec21bbe,69,Other,Auto,107881.31,8,3,2685.39,19442.86,Medium,0
7394988f-847f-49b4-a64d-1bcb702753a1,60,Other,Property,150352.65,26,3,4637.94,49036.1,High,1
1064005c-3985-43cf-bf76-be1d1efa2197,52,Male,Property,126540.7,21,0,877.76,21430.64,Low,0
8dcdcd03-969b-4662-8562-8059568cc69b,73,Female,Auto,29051.23,12,2,1452.47,16342.29,Medium,0
01d74256-3860-4ab6-96a4-02f23ae8cc93,66,Female,Life,155361.77,26,3,1635.22,4095.31,Low,0
0f1259e0-a18f-46b6-b535-106e122c9a56,19,Other,Health,199983.41,11,1,3425.65,39061.65,Low,0
080aadfb-e7c9-4b26-9141-25c63a9bedd4,59,Male,Health,190930.11,6,0,3296.01,11927.25,Low,0
839fbc50-1223-4513-9496-f63cdc1110c1,48,Other,Health,121514.52,6,3,3647.59,38344.9,High,1
7c441fe7-ab42-40a7-874a-493b3ceddf2d,28,Other,Health,160002.54,5,2,986.44,1283.92,Low,0
b92da22b-21df-406f-8a0b-3c3336d8393a,37,Other,Property,91397.8,22,1,841.98,34530.72,Medium,0
93829b43-922f-415a-a1e3-db63ef7ddc76,58,Male,Health,145494.74,9,5,3201.85,6052.75,Medium,0
7914c120-c8dc-419f-be35-11287900f7f9,80,Other,Health,82496.68,13,5,2167.57,25298.04,High,1
1825bc54-30be-445f-a835-14f2ceb81f9d,39,Male,Property,168019.57,3,3,4823.54,31779.26,Medium,1
5ab33edf-6e59-4ed3-a8b3-17fa18d0752b,71,Female,Auto,98387.69,23,4,4844.63,13504.12,Medium,0
dd2467ac-778e-4db3-a93d-ffbc6c6fa611,69,Other,Property,103677.28,26,5,3166.14,16115.23,High,0
a748dbcf-ac61-4e63-8dde-29a6baa4b71a,33,Male,Life,178693.61,7,3,3064.32,33409.42,Medium,0
0f844fef-1931-49ee-a56c-0941fbf24050,39,Male,Property,173171.51,5,3,1454.54,39891.62,Medium,1
ccf3a171-56dc-4907-ba6c-34ab6712303a,39,Female,Life,120042.39,16,1,885.26,36003.73,Low,0
310c0c00-3fa7-4104-9bf9-0e27dc96925e,49,Other,Auto,144309.68,20,5,2708.7,39646.64,High,1
23e2fcb4-72d8-467d-894a-05e430b187ef,23,Female,Auto,92792.2,7,2,3487.82,18451.02,Medium,0
766ecb15-474e-4c19-aef9-12766c006f61,53,Other,Life,96590.69,23,4,1988.56,35142.75,High,1
134c6c92-ec5b-427c-9fde-4fbf3ff350bf,35,Female,Life,61496.85,23,1,1919.97,37144.05,Medium,0
db20a56e-dc81-4fe7-8eda-8bbb71710434,78,Other,Auto,54477.38,23,3,1744.25,29479.35,High,0
a6f2f7b8-0cf3-4b58-9910-8be58ce21ea3,66,Other,Life,196491.91,26,1,1833.11,18044.05,Low,0
03c72ba8-d605-4770-8a63-f881ffd0f9d5,37,Male,Auto,69376.04,1,4,1814.61,47204.48,High,1
c0e9ab30-ed26-42e9-97e0-11b7f8102383,58,Female,Health,177089.55,18,2,2612.29,22023.44,Low,0
680ac07a-2a93-4d62-bc83-5dc0d9441fa5,29,Male,Life,189391.45,15,0,4199.52,20035.37,Low,0
dd59ba71-36b8-4481-bb3a-4e3e7c52fa17,22,Other,Health,47310.86,25,4,4771.07,4259.05,High,0
2a25a888-0f02-4ad0-a706-7ef466aa9385,33,Male,Property,129137.18,25,4,1515.59,26128.63,Medium,0
63f2ae24-fc3d-4348-808d-4127610461e3,46,Female,Life,174830.0,13,2,3058.83,3011.52,Low,0
c8fe3ccd-c8b8-49c6-ad30-49cf43e458fc,79,Other,Health,190566.24,6,5,1449.61,33021.41,Medium,1
b253d218-6c4a-47ea-8906-17f2747b6dba,28,Male,Auto,119358.6,5,0,2338.33,34468.56,Low,0
c88a618e-fed4-457d-bb02-6576f512c4c3,48,Female,Health,61665.72,22,2,3663.44,22701.57,Medium,0
7c967f79-b7e9-4aca-a970-65e18e46d534,61,Male,Life,161809.04,20,4,3475.32,46683.42,High,1
37bb3eec-4bf5-4b52-b09d-258c27a0c3d7,45,Male,Auto,136574.25,29,2,4219.84,3570.49,Low,0
bc594585-9445-48c0-8ef8-c2d6f7fd5646,28,Female,Life,99047.62,14,5,1868.41,20125.43,High,0
504867ba-bf7b-439b-8f9a-ea4b8acd4e10,35,Other,Property,98796.6,19,0,4502.4,36726.7,Low,0
7a0ecfea-958c-49ba-8cd6-20c20ea2622b,56,Female,Health,36438.84,30,5,4261.81,28759.96,High,1
87f7e1fb-da4b-49ca-ab5c-f46780bacd64,78,Male,Life,123724.46,24,1,2617.25,32575.47,Medium,0
82010c62-f5f5-4b22-8e8f-a8e0284d82e5,76,Female,Auto,199450.19,13,5,4164.1,48452.76,High,1
118a9d29-2f92-4996-99f1-95d014822f53,48,Female,Property,79995.51,21,0,4359.8,16490.18,Low,0
dca02eec-acda-4acc-9165-e21098543881,62,Female,Life,139265.04,12,4,665.14,4402.99,Low,0
f10c718b-1eb0-438a-a75d-d5af3c365296,34,Female,Health,194633.25,12,4,4212.17,57.55,Low,0
94340a03-3f07-4814-91d6-3f78e3e9de99,73,Other,Property,94384.56,6,4,2128.01,37822.16,High,1
14fcdd54-9e8f-4965-8a2c-827e98326856,58,Female,Health,56640.48,17,1,4674.53,21905.8,Medium,0
90b2b633-956b-4c0c-a849-9b926b5252e3,62,Female,Health,25196.5,20,4,4096.91,35489.14,High,1
42c18a62-ef48-48d5-90fd-9d3f85d51695,37,Other,Health,119405.25,2,1,4965.16,45646.49,Medium,1
506e5a9a-b758-488d-ab73-295b344a54b8,47,Male,Auto,109707.59,22,2,2789.92,13671.24,Medium,0
21813d25-6552-48a6-83ff-50113d1a85dd,71,Female,Property,63871.56,17,1,2226.14,46093.41,Medium,1
750cab75-4ccc-4bc2-a53f-8a28abf3e3fc,50,Other,Auto,175524.85,8,3,2029.44,39385.87,Medium,1
ef8c485b-c07a-40f2-add4-253b50f0fd0a,35,Male,Life,150689.18,26,4,3109.66,32997.04,High,1
9f044aed-7552-4327-8262-7f7312922f83,73,Male,Property,116944.5,11,2,2983.63,27171.5,Medium,0
19985f15-ff00-4d4d-9020-59e4ff9ab5c2,47,Female,Auto,196539.43,7,4,2223.37,42800.65,Medium,1
8181a8cc-3691-47eb-89a2-688b12c136e0,44,Male,Life,154046.93,22,3,2237.35,33184.44,Medium,0
5958a499-eeea-463e-a1e8-ac6843e42caf,70,Other,Auto,109159.16,1,1,2760.31,29509.02,Low,0
3e896c64-e117-4ac3-919c-4ea3e1805081,73,Male,Property,37948.11,29,3,569.06,7207.77,Medium,0
702cdd20-2862-48b8-88f4-ef125e9953d2,73,Other,Auto,33469.08,25,2,2023.53,34635.23,High,0
4d71c366-b41b-4143-8b10-550cd5704f32,59,Male,Life,173421.44,27,4,2210.04,15833.06,Low,0
ce9e1a11-fcbb-4e59-bbdd-cf7c9c96e9ec,63,Female,Health,131142.7,7,5,3579.8,14368.95,High,0
aaf91531-0200-41f0-8768-a84fa76afde6,32,Other,Health,98114.86,3,5,3667.51,5025.36,High,0
ee87905e-4ca4-45ea-8dfa-6a56d12dbc9a,28,Other,Life,182616.33,1,2,4082.65,14668.39,Low,0
e0ccedc5-f05d-476e-9a84-a51aa9d3d7c7,41,Female,Auto,63955.54,13,4,3568.1,9002.84,High,0
e3c43657-1d8c-4bac-83b4-09ef2260e70f,29,Male,Property,131547.87,7,3,4607.73,7155.89,Low,0
27cb6f2a-8da0-4097-be0f-051b1b66b5a9,47,Other,Life,102722.69,21,0,4545.09,23262.66,Low,0
35ebd32d-9ad6-40ab-8821-2ddb45b89cd9,36,Other,Auto,33295.14,30,2,4944.43,14957.71,Medium,0
afffcfd2-341e-440b-97c7-00aab7b56ea7,79,Female,Life,102230.45,9,1,4997.18,42666.77,Medium,1
81627cf1-4394-42e6-9a58-7e8aa25d6b29,24,Male,Property,122946.08,18,2,4967.11,14761.54,Medium,0
e87d1c78-e7c4-41c7-8049-7b717d106c60,80,Other,Property,69406.47,18,5,4002.4,48680.14,High,1
a2607723-17a0-4f49-8d01-280fd89a40c0,76,Other,Property,169911.0,28,2,3990.83,11505.92,Low,0
0b49452d-46d4-43f3-9450-281c6c6f7633,69,Female,Auto,134591.22,19,2,3549.94,36046.42,Medium,1
217d65a0-c568-41cd-9563-f61600e85ece,60,Other,Auto,133084.66,28,5,3408.53,15446.64,High,0
295d6fbf-430f-401d-bad4-09e2a319dcb4,46,Male,Life,151824.76,2,2,1970.24,20775.15,Low,0
b4a69f3c-8d3a-4d99-b11c-21c9bdc14f1f,30,Male,Life,115553.43,29,2,4237.13,12848.5,Low,0
1ca3c448-0279-46a6-8f97-97b06d7ce3c9,70,Female,Life,154380.68,10,0,2607.49,3764.97,Low,0
b0e6a969-e213-42b0-b1ee-dba313432e61,66,Male,Property,194108.55,25,4,2145.99,39534.1,Medium,1
093923de-8bab-4e3b-a628-6bfbe767dcea,18,Female,Health,101861.48,21,5,3525.53,29228.0,High,1
8d7248e2-951f-48d0-9e84-f058d5a804eb,70,Other,Life,39502.3,7,3,612.61,44211.74,High,1
0ab54bde-20a0-4502-ae06-809725e97977,53,Female,Auto,136577.43,20,3,4592.24,15109.51,Medium,0
eededb07-e623-4689-9d59-cd2a4eea04e7,44,Male,Auto,28162.43,1,2,4981.67,5806.02,Medium,0
0a368ce7-dc57-4131-b8e1-daa7cbceabde,33,Other,Auto,89956.25,11,5,4772.21,34824.2,High,1
ae9bec36-35c7-436c-9b99-62c6e61fecc0,52,Female,Auto,179374.48,20,0,4251.62,30782.61,Low,0
5a8aaeca-1a50-4ec3-aabc-25fa3fe12e47,78,Female,Health,144250.52,6,3,2501.13,11805.63,Medium,0
dfed2c43-e256-46dc-8f54-86b7c7b5b2bc,41,Male,Life,118003.86,20,2,772.48,13794.07,Low,0
bfddc3d9-9ee3-4c2a-b94d-62046808593f,79,Male,Property,36501.22,6,5,3377.72,48554.67,High,1
3c9ad14c-ee0c-4eb5-acfe-db992790cebd,21,Female,Auto,197987.76,25,4,1423.43,41490.89,Medium,1
ccc56569-f9e8-4369-a999-b735dd56cc94,53,Male,Auto,166349.54,7,2,3984.66,39432.19,Medium,0
698c206f-e1a4-4e10-ad53-4dd0cf8ebc5a,56,Male,Life,174513.1,4,1,2930.97,39925.69,Low,1
ecab3301-bc8f-4d29-adea-94930658663a,25,Other,Health,43724.58,11,1,3149.84,789.05,Low,0
696608aa-ee49-4329-884a-7b28550a1b46,34,Male,Auto,153509.25,16,0,3855.49,23812.3,Low,0
bc2cbb0d-dd33-4cc7-ab7f-089acd5f4822,67,Female,Health,101360.98,7,4,695.14,39161.35,High,1
28c13091-444d-410b-bf87-e362cf8d446a,73,Other,Life,102447.65,30,0,773.71,23949.1,Low,0
61ee411a-1bac-47a7-b386-f7a4c991603f,43,Female,Health,108248.39,29,3,830.71,4039.52,Low,0
787f2425-dbcc-4477-89e9-db0adf465290,56,Male,Health,42714.49,19,5,3134.14,35607.64,High,1
eb1fa9f2-d10b-41d0-b317-347038f16a81,42,Other,Life,101668.78,19,3,946.3,35088.97,High,0
d20eac17-4e20-4d1a-9983-36e375d66ed4,72,Other,Auto,97412.59,28,1,2362.16,41370.96,Medium,1
39118497-3a43-42ba-9f0f-06cbcb9bc326,43,Female,Health,76258.7,10,5,1647.0,47679.63,High,1
6601ddd0-3170-4437-a8f7-ef5a060edf5b,61,Female,Health,36420.46,2,0,2443.44,37229.45,Medium,0
11c58ef0-dd46-4c09-8752-87aa5408f9ac,41,Male,Health,125563.71,17,4,1983.41,6111.56,Medium,0
59e4b671-4774-4c58-85f8-bc16f7860b50,40,Other,Property,176256.59,23,0,4857.79,30020.5,Low,0
adf4e62d-6651-429e-8268-690ba43825b5,40,Male,Auto,47851.43,15,1,4312.74,17505.7,Medium,0
54c63cd8-8945-4f27-97fa-2d8dfb2ca025,53,Female,Health,157269.01,18,1,4132.5,42257.76,Low,0
e08596db-1d87-4966-8710-d430f071d879,80,Other,Health,129619.08,21,5,1703.51,9020.8,Medium,0
94a1875d-2db6-4edb-82de-ffccf86c2ca2,62,Female,Life,83184.22,5,1,3048.44,20039.22,Medium,0
09cb3942-43f5-4a85-bbc9-f87af668a617,27,Other,Health,36516.38,16,1,2192.87,22682.29,Medium,0
587ef344-6f3f-420c-98b8-e4cc1bc044fc,28,Female,Life,149887.27,24,4,3183.01,44167.11,High,1
6fb78271-504d-481f-8953-5b63ba81edd9,27,Male,Health,141314.37,8,3,3478.72,24283.09,Medium,0
1d9af659-82ec-4f2d-bbf6-e16f9b3080d5,46,Female,Life,58802.41,16,0,2053.28,5544.49,Low,0
30a900ad-939b-462d-a645-f129629c2ae3,61,Other,Property,114848.14,9,0,1492.33,49222.28,Low,0
6fa17735-b572-43d0-8b5c-ea6a41357e8c,21,Male,Auto,74255.49,6,1,3938.72,14472.36,Low,0
ce777f00-ecf2-4e76-8519-7ff4006ed6e3,25,Male,Property,154462.54,5,1,2210.93,35183.56,Low,0
f0b5156b-b82c-4074-afd5-dea589d7fd6c,50,Other,Life,32973.59,27,5,690.36,937.08,High,0
3270e4fa-abae-4f43-bcae-8081bdf070aa,76,Male,Life,123636.65,18,3,3692.75,20884.7,Medium,0
f2e9702d-11e9-4daa-ae69-81a35d3d9e56,25,Female,Health,193915.94,5,4,2570.44,34480.5,Medium,1
9f871ce7-5487-4d4f-abb7-a385aa0b7b14,41,Male,Property,172007.18,7,3,3149.92,26198.13,Low,0
1fe771d6-d917-4793-a9d3-c2e6505cc686,43,Female,Life,59882.97,24,1,843.71,31661.23,Medium,0
81d2c7de-4ce1-4b90-a669-7833b841d0a0,51,Other,Auto,183066.09,11,2,3773.21,40947.43,Low,1
5380b904-688c-4015-aab9-7e494f2d4796,70,Male,Auto,38504.81,8,1,1280.75,7643.49,Medium,0
8dedf9fb-4bb0-4f20-b27c-40266703b636,66,Other,Health,51886.3,24,5,2723.53,37722.29,High,1
aa38d0a1-6ba2-4efe-b11c-6eb62095eef6,66,Other,Property,142604.03,28,4,3393.46,49326.6,High,1
bf85bf0e-ad64-456c-a10f-aa3ff0bbac67,38,Other,Life,47172.33,2,3,2489.94,15141.02,High,0
91b0e1d9-9d92-42af-ac8d-0e44e71e43a6,35,Other,Health,83349.6,2,2,2577.84,1880.36,Low,0
d56f0350-8c45-4ce2-a7f4-8ad54d0b0d1a,41,Female,Health,136039.96,27,0,3267.54,25353.39,Low,0
35ce8841-4973-4d6c-8dca-bfb7001a9a8b,47,Other,Health,100952.07,25,4,3433.27,16076.34,High,0
9b4e2c24-9479-41e6-8927-7d9b6e0d2648,48,Other,Auto,192390.02,14,0,4149.35,41868.86,Low,0
7118e364-7709-4749-927e-ecfaa79ac9aa,80,Other,Health,110818.82,5,0,1614.85,21887.91,Low,0
82dc4c8e-36b5-429a-acf5-e81e71316269,46,Other,Auto,85501.63,29,2,2243.37,38723.24,High,0
f5b78cc7-e6b3-4944-8b32-3e357922bac2,61,Other,Health,162060.85,20,2,796.6,4725.3,Low,0
a8aa7158-2b70-4525-bc67-f831cbc84759,61,Female,Life,65359.24,27,5,4839.85,30135.04,High,1
a9f25336-83f4-49a9-88a6-39d015b52908,27,Female,Health,124893.11,4,2,1896.04,32802.74,Medium,0
17e8392a-55ce-45db-9e87-e04ca2086977,60,Female,Auto,127107.42,30,0,1893.12,18833.97,Low,0
3c20592f-c04a-46c4-b3b6-3fe1d1843324,68,Female,Auto,140620.95,26,5,4987.24,45622.4,High,1
ce7ae7f6-3982-4cff-8f77-a665ac3c5640,23,Other,Property,111527.93,0,2,1889.9,47558.47,High,0
0bd4a990-0640-4e0f-a5b8-fd4b32fa2de8,39,Female,Auto,60777.75,4,1,847.24,42221.42,Medium,0
9c7c7377-79a2-4903-bbe3-3b243eae0032,24,Other,Health,139147.26,28,4,1089.72,18835.99,Medium,0
74962764-12a4-4ef0-84bb-b7a9d98868dd,28,Male,Auto,149812.94,1,3,2139.35,35979.28,High,1
935f2b0a-a138-4ddc-a2d9-de5d6a18ce4c,80,Female,Life,155430.41,25,3,1553.01,11958.42,Low,0
624c69b6-b244-45a7-b7e5-848131c681ec,79,Female,Auto,86211.37,30,4,4929.98,23084.0,High,1
25c73c44-3e75-43b4-a64f-a6637e8f8095,36,Female,Property,193928.27,26,1,4105.67,6919.93,Low,0
e4855aa1-016b-4287-b008-05cca7f36ae9,34,Male,Property,177341.05,17,0,3701.3,25795.47,Low,0
e2add909-c521-4f2d-9c45-d539c03f3538,25,Female,Health,157361.03,8,3,4573.88,7367.43,Low,0
3805f907-6cd6-4193-8746-8f591b494e15,45,Male,Auto,167006.59,28,2,4687.12,20744.85,Low,0
b227462c-f53d-4330-8dda-24ba2d06e8cf,43,Other,Life,62440.05,2,2,1510.42,15934.24,Medium,0
8eb22579-0cdb-4ca4-b6ec-bdd68498e113,24,Other,Life,162448.51,4,0,1790.96,41488.08,Low,0
1f115b76-d92c-4227-aadf-50853fcb7546,62,Male,Property,100748.27,0,0,585.52,10782.74,Low,0
76f2dbfe-cd29-436f-a222-82e174daaebf,27,Other,Property,40013.63,9,1,1855.18,2387.47,Low,0
8f15ba58-fce6-4504-87f8-424daae65fc1,44,Other,Property,31305.29,26,3,3185.33,821.77,High,0
c1581092-f335-4ba3-913a-7052986f9025,50,Other,Auto,149337.98,9,3,507.04,17640.8,Low,0
d0a44432-9cd6-4852-b14c-7df4e4347d51,54,Female,Auto,139586.83,2,4,4885.95,3383.97,Medium,0
6d3ee1dc-8139-4443-a45b-712eb8225688,51,Other,Health,90281.67,15,0,3360.52,49051.97,Medium,0
722764e6-8c41-461b-a827-a1b9d4a02e53,34,Other,Health,84276.9,2,2,1585.07,32855.22,Medium,0
dc8aee30-be60-43f7-a8be-9288e5af6e39,24,Other,Life,44013.73,11,4,2023.46,32139.78,High,0
c074718e-425a-409f-b337-c59979844388,71,Other,Property,196547.45,15,5,1320.25,6742.63,Low,0
46fde062-a33d-47af-9701-410d3f4b1a70,63,Female,Health,72819.66,1,1,4486.06,15779.79,Low,0
7c0e8cd8-8573-4793-8715-b2b9c40c5d91,37,Other,Property,198042.09,17,3,1639.91,37664.55,Low,1
709b7d97-464c-44af-bd3f-3799a07295e9,30,Female,Life,175184.94,1,5,1993.66,6223.75,Medium,0
3c07c574-4925-4af1-b6aa-e05b13d5f2f7,41,Female,Property,153795.39,28,3,2025.66,9340.86,Low,0
e49d681d-51d8-4c64-95fa-1ab8458f1f19,62,Female,Life,186375.88,16,2,4105.17,36354.07,Low,0
269cd696-236c-4b87-94a0-bccb8a476a87,23,Female,Auto,118185.39,10,0,860.31,33045.96,Low,0
271e3ee2-b1a6-41f1-a20e-99d33b33f3d8,37,Female,Property,49996.06,14,2,2512.08,36340.72,High,0
6a34c854-1071-4d51-b6c5-9dacb4d7e28e,76,Female,Property,69419.96,25,0,837.69,31875.63,Medium,0
7746d0ba-8ae8-405b-94b4-a48268586eba,41,Other,Auto,191502.09,4,4,3551.4,21908.64,Medium,0
d5385b0e-34f3-493c-8ff0-a55c6a702e2f,26,Male,Auto,160132.77,11,2,2222.84,28362.23,Low,0
c51155ff-e7a3-4e81-a3b4-c08b6b8e869f,56,Male,Property,190788.24,11,3,3933.88,28696.09,Low,0
05000bc6-b20d-4b6e-b231-1f1795863a76,51,Female,Property,76589.38,8,1,4822.34,1295.67,Low,0
9360715f-c3fe-4183-a172-b725db52ca58,29,Female,Property,184437.65,3,2,3987.34,35201.89,Low,0
f1578470-0182-47c4-ba1b-58066160a6b4,31,Other,Life,144916.52,15,1,1051.87,42641.31,Low,0
63d62a39-c0e3-4efd-8c71-e0fe5a0cdd7c,46,Male,Property,199507.23,25,5,4854.03,49328.73,High,1
d5f25073-f414-42b1-a442-9ebbda7b9095,60,Female,Health,118999.49,9,2,4331.13,35590.46,Medium,1
bc10fa52-bf5d-4fdf-89c8-d2ab6b44fa8d,77,Other,Auto,162865.35,16,1,1046.13,10049.02,Low,0
e5d6f6e6-9a6e-42f5-8cc4-29038bcf53a1,26,Male,Property,24731.12,17,4,2160.1,40183.09,High,1
45df16b6-382c-443f-bcfc-9b793875394c,53,Male,Health,31834.66,12,5,3734.91,26284.78,High,1
638c254c-076e-4bba-bc53-08bf6f92f25e,67,Female,Health,42558.82,10,5,833.74,23291.66,High,1
cc530e36-addc-4e13-ab3b-4d37560c95ee,51,Female,Auto,178032.83,24,4,3379.07,9098.16,Low,0
d72b6108-2a40-4f12-b963-f37f67814c1f,79,Male,Property,110515.48,27,0,4241.26,25905.11,Low,0
fb10987f-20ac-4703-ab67-146a77a6e17c,37,Male,Auto,78078.94,22,1,2057.1,47045.2,Medium,0
e82c7d7b-06e7-45f9-88bc-539c9f4c3b79,75,Female,Health,65108.96,20,4,1735.03,31251.12,High,1
a9ba5a27-907b-4e36-9786-48f864de82e6,57,Other,Health,110463.17,5,4,4737.23,7709.71,Medium,0
6db99102-a48b-4dbe-957d-94a106f028ff,60,Other,Life,171655.4,18,0,4213.56,1418.67,Low,0
2e85cb21-7631-4e9d-9de9-f86322bd3388,20,Other,Life,137203.4,24,4,2374.64,31949.56,High,0
53cd6268-610c-4373-8299-9aa40cdf742b,49,Other,Life,135543.31,9,3,1601.95,40367.47,Medium,1
56666f9f-53ac-4ab9-b467-2cd9362f5e5c,43,Female,Property,33135.14,1,1,2478.22,24212.56,Medium,0
473bd358-610e-4a64-a130-1617c2dff335,31,Female,Auto,76264.85,22,2,3803.9,43038.87,High,1
6bebac31-d4f8-4d72-b382-1cfdc083b73a,80,Female,Auto,156919.7,16,4,977.83,12086.89,Low,0
78660765-14f7-4e8d-95bc-b8d04094dded,25,Female,Property,64625.4,3,0,1805.95,19207.49,Low,0
0d557b61-8a17-4dfe-bfc0-0dc804f64d86,57,Female,Auto,193283.45,28,1,4160.65,46687.58,Low,1
39669fa7-5997-4043-b3b1-025bfff9f585,64,Female,Auto,157361.85,15,4,2600.67,43953.78,High,1
f510ab53-c7fe-439f-9190-f938a66fd7f7,49,Male,Health,190141.9,16,3,4850.09,10757.22,Low,0
07f194f9-c115-4d6d-8a4e-5b70a6d964a3,40,Male,Health,70644.14,19,5,3526.34,14287.42,High,0
d6d7b3b8-3309-4d35-bf4d-f561f319c125,18,Male,Property,44108.29,8,5,2146.0,20162.7,High,0
3d114802-2702-478b-9f0f-da8d05379ff6,20,Female,Health,122650.7,6,2,2989.5,3676.59,Low,0
1d48a071-ab61-47b1-b93b-4c3220500494,50,Female,Life,168556.04,19,5,3249.69,6433.17,Medium,0
770c7798-37cc-463b-b2a0-345990604f62,24,Female,Life,163081.5,10,4,4725.27,37748.26,High,1
5e6fea07-c453-4f1d-8199-2fdfb31022f0,30,Other,Property,110014.02,1,0,1116.66,16652.04,Low,0
f6b751f7-9b74-4245-9b1b-c8952af43ab7,48,Other,Property,46809.32,28,4,1129.01,46568.44,High,1
c71d5e60-1d52-46ab-b7e6-427cbf780e3f,38,Male,Property,198310.83,23,2,3171.76,25365.75,Low,0
4fa03f26-f6f7-40cc-a9ec-8e49d1bdb8c0,50,Other,Property,147573.17,9,3,4170.87,18417.89,Medium,0
edcb8cb6-0692-4c63-9424-aed51bac5c15,61,Male,Property,125066.39,25,5,4424.45,31463.02,High,1
e87466d7-ad66-41bd-9367-6a024fdc6e1b,56,Female,Life,194072.73,25,4,3099.35,36070.01,Medium,1
f1043785-658b-4523-a014-1de9f54ad0a2,55,Female,Auto,114361.82,23,4,3985.73,19009.52,Medium,0
9793b9b4-1374-4146-b2c5-bd89b70b3420,70,Other,Auto,25682.69,30,5,994.53,946.87,High,0
3e2b6091-a092-452a-94a0-57a7b0cc1b3b,38,Female,Auto,94332.82,6,3,2758.19,30573.9,High,0
4d3485c5-c5c1-4eb4-b27b-3d901a16342c,48,Other,Health,147039.54,16,1,3023.99,49906.14,Medium,1
ce3714af-99b4-4350-af2b-99b4d9acd158,48,Other,Property,76475.47,5,3,4604.56,17116.35,Medium,0
90e0f4a0-fbdd-4933-8bd5-8bf61efd76e9,40,Other,Life,129813.78,6,1,1755.53,14924.96,Low,0
8861fe18-58e2-4888-8a83-81bec85aca46,78,Female,Life,146882.17,22,5,2700.51,23990.17,High,1
11a72609-5edd-4bbf-a959-76636daa2e68,53,Other,Life,71802.09,18,5,2944.36,44788.02,High,1
033d2bce-575a-4d2c-a5c5-650c8186a576,43,Female,Auto,72281.48,9,5,855.63,46200.48,High,1
7d7ddbed-d284-476c-ab88-f83dd97dc9cd,59,Female,Property,58517.63,26,4,1720.1,28100.9,High,1
5cb85aed-f5f6-4c97-aefb-63b11b049863,35,Male,Health,130821.87,18,1,1591.06,33491.7,Low,0
75b17a55-d426-4982-a43e-4288a2b5b498,51,Male,Auto,29448.4,13,2,3728.11,5027.25,Medium,0
2d174fc9-6f7c-45ea-a72a-6d8eb5122df8,67,Male,Health,193613.38,29,1,2331.08,46751.6,Low,1
a6846099-f729-4951-8591-31d2bbda0242,74,Female,Property,137096.96,24,2,1945.25,32294.9,Medium,0
eb6c1016-cee6-44d0-9dac-6e8345241ea6,76,Male,Auto,116327.41,23,0,4609.53,8753.24,Low,0
7701f7bb-7bc6-4e1f-864e-e6e389c5b31a,74,Male,Health,199490.92,12,3,1338.4,37450.16,Medium,1
97ac6aa8-bb24-48a3-9363-57b66f81cf4f,73,Female,Health,21668.09,18,4,982.85,49149.69,High,1
3ed8c56c-da09-4fa0-9282-8d8044b591f7,36,Female,Property,180066.79,4,4,2606.09,9640.57,Low,0
4767d76c-162f-4a24-af43-613cd4aac9a3,25,Female,Auto,151601.46,20,2,3733.69,704.21,Low,0
c01f36bf-3e6d-458b-b367-c28de1b294de,39,Female,Auto,51589.08,27,5,4536.69,41349.49,High,1
ab0e664e-9c3e-42d5-91e1-aa9676f72255,50,Female,Health,92149.98,3,1,4917.58,23872.7,Medium,0
7e8adee7-0758-4201-961e-16d16105716b,77,Male,Health,66941.35,7,3,3891.9,47701.74,High,1
7cd0129d-2e8d-4e87-9334-20e6d9d80b8d,37,Other,Health,67079.57,11,5,1563.36,33389.31,High,1
4223623b-cc3e-4dde-9ad5-cf06364d7c87,47,Female,Auto,92974.99,16,5,3964.28,34514.52,High,1
989d9d4a-e15c-4666-8797-b2c957207246,58,Female,Life,130632.58,7,1,2651.82,22748.93,Low,0
8e485223-46b9-4991-a14e-b70db380c73a,56,Female,Property,146349.33,29,3,3908.08,40099.75,Medium,1
30e912f2-f2b4-4abf-8441-aefd0299436a,70,Male,Auto,142461.55,19,0,2864.78,26408.66,Low,0
680bac63-b856-4035-bdc9-829015eabb27,41,Male,Health,31116.45,17,4,1409.71,26833.01,High,0
3d85de89-c217-4429-8e20-07247d137018,28,Female,Property,40923.2,6,5,3124.16,4547.08,High,0
b63b4dc3-a559-4463-b9e1-3ceab0cbc61f,50,Female,Health,101617.81,16,3,2555.59,2886.84,Medium,0
046a0df5-cafd-4613-b2bb-912d7da67785,47,Other,Life,150190.41,12,2,4174.04,37290.22,Medium,0
6786d506-38ba-4abc-8b53-05e517d2582e,55,Male,Health,96265.53,22,0,2935.24,3012.78,Low,0
a9f948b2-4e63-44bb-be49-3f43b118f68d,75,Male,Property,25712.28,13,1,3960.37,38291.38,High,0
8db06746-7927-4973-9e78-1fd794e0d3ba,80,Other,Property,87402.97,28,3,2518.42,45855.75,High,1
ff233d5f-6ced-415d-9800-7c0287ea7ff5,42,Female,Health,142891.46,21,4,1098.45,43014.33,High,1
5a104129-54ae-4d1b-8ce6-424dbef59fe6,25,Male,Property,115191.66,23,1,4256.7,37808.97,Medium,0
4e7ed827-455a-4762-b428-a656b3ee4d3b,80,Female,Property,141229.97,17,3,2893.7,41168.02,Medium,1
b8a6171f-1ee3-4dc4-bb04-8a8b405bfdc9,33,Female,Life,47921.85,6,5,3944.7,1610.87,High,0
be2d740a-1e9b-43bc-90c7-c006314d3441,60,Female,Health,63319.93,2,0,3172.75,22322.05,Low,0
b0ae8f08-c31e-4bbc-b36c-b62b892e6161,61,Other,Health,64052.15,1,3,2475.33,26987.99,High,0
bd1531c8-3764-4bda-b108-d4482f65fafa,66,Male,Auto,110701.25,9,1,4171.04,36575.87,Medium,0
96ef2ad6-b97e-4703-86c8-adfe7bf47042,38,Other,Life,62642.73,28,1,4935.63,26062.55,Medium,0
98c7472a-864e-4a13-829c-fc0cfa02eaec,44,Female,Life,30972.37,30,4,4458.71,45578.88,High,1
d52721e7-19bc-443e-bb02-bebb48729a4d,58,Other,Property,120053.12,1,2,4737.14,33567.13,Medium,0
5c62b3a2-3a3c-463e-8bd6-cee631b1b099,68,Other,Life,145335.51,13,1,1849.5,9193.95,Low,0
b540b30e-039f-4a25-8d61-68bd2defe193,52,Female,Auto,172881.37,9,5,1149.58,23151.26,Medium,0
0ba6eab9-4639-447b-a067-bdac88bd13d1,21,Other,Property,194201.51,17,4,1103.42,12142.93,Low,0
4ac9778d-8da8-4ee4-8df5-6ac6f96b648a,31,Female,Health,186000.7,27,2,916.09,36229.24,Low,0
a34b6cf6-2053-4a42-b1af-db65b289f224,30,Male,Life,87890.24,19,4,677.96,3639.22,Medium,0
1a432f0a-7daa-49f0-80b6-fce2de53790a,69,Other,Auto,106290.96,27,2,1864.35,45449.71,Medium,1
48ca7651-92f5-4f7b-8323-d342df6a8f93,31,Male,Health,154438.26,24,3,4614.99,34781.31,Medium,1
5738811d-70c2-403f-ba8d-03aa782a65e0,63,Male,Property,184722.76,17,2,3989.81,19033.09,Low,0
40a26c60-0d27-4659-b72a-da9b2f32751e,52,Other,Life,75516.01,11,4,4472.65,23300.2,High,0
1d34d08e-7a4c-45d4-9c99-e04cf0e98b3b,69,Other,Property,157093.21,10,1,2168.17,20696.51,Low,0
7de31a51-6694-4343-90ba-58e3d2762bdc,54,Male,Auto,22919.58,17,4,3106.14,20878.9,High,0
afbb411a-a123-4a8c-93b7-a88612f70c97,27,Male,Life,61403.35,18,1,2746.86,32730.4,Medium,0
cfa701cd-2631-400b-a6d7-94d30db95301,61,Female,Life,157404.91,15,5,3387.63,24529.78,High,1
15ce6a66-4dc8-4a1e-b2f9-e5fa90164161,28,Other,Life,50467.83,23,4,2697.42,45844.97,High,1
8edddfcd-1e52-4770-bf89-7142fe716b14,52,Other,Health,114309.99,26,0,4753.35,33410.78,Low,0
989bc4da-9b37-422b-aa8a-616fc3b290d0,66,Male,Property,44748.48,20,1,805.86,7551.48,Low,0
c693da11-39c6-41ca-9e50-aa42ca6dfda1,31,Other,Property,87176.12,19,5,3500.4,30825.97,High,1
e893be3d-7354-4a6f-a160-745985c7504b,48,Other,Property,22831.72,17,4,2351.02,836.31,High,0
96a9954f-dc33-41f9-8c1f-55ab715629ee,64,Female,Life,23085.67,26,5,3533.15,40308.38,High,1
9191b363-4e2d-4645-adc7-cac7fd72b050,76,Male,Health,185248.79,16,1,1584.36,30989.04,Low,0
f5c9b047-9c10-4572-8f6b-40d09efba58b,34,Female,Life,163088.54,2,2,4816.84,22949.89,Low,0
c342bd2b-f295-456e-9967-5f06bd767e35,33,Other,Auto,73995.44,26,0,3441.81,42910.96,Medium,0
43bfd931-3605-4f54-a021-c0ca3531968d,66,Male,Health,92950.09,12,4,2642.02,31837.4,High,1
3d67cde9-2834-44c0-94c8-b3b4a911d192,62,Male,Health,109974.51,13,5,4029.69,28292.83,High,1
2812859a-1337-439e-8d4f-5d272c7f0b79,72,Male,Health,61357.97,28,5,4493.99,23775.01,High,1
b07aa066-7354-45ea-a894-9b8d00af5b3a,20,Male,Life,181876.1,18,5,648.06,46438.32,High,1
085b15fb-4a8f-4810-b84c-2f29980402a2,38,Male,Auto,125666.5,24,5,4194.06,46443.75,High,1
48603b32-b4fb-4eb9-89c1-3de73b4206c5,37,Male,Auto,122005.27,27,3,3546.66,27028.12,Medium,0
1238d630-743b-45a2-9c0f-2fcfb3f6fe0d,42,Other,Auto,162289.66,22,5,852.92,37272.83,High,1
43b9da13-ec85-4f37-bbc1-a987aff8754d,40,Male,Health,98675.89,26,0,2032.67,38450.28,Low,0
96fc734d-a003-4d28-8a8f-3653c9af18f8,79,Other,Property,194405.69,10,0,3353.55,39177.41,Low,0
32a447b2-ef04-457d-8dcc-c33aa9434aa0,46,Female,Auto,84046.02,30,3,2443.32,33984.74,High,0
398d1ca6-8b68-40b5-9d61-fac36cd5e859,60,Female,Health,158990.13,9,1,3708.99,4101.9,Low,0
44007d5a-e88d-4719-a624-2b40a5cb63a2,27,Female,Auto,153137.95,10,2,979.48,259.76,Low,0
0f44704f-1247-4a4e-a469-98e8d39e198b,37,Female,Life,157042.37,3,1,892.84,21548.98,Low,0
9854ce4e-4ebf-45c3-8ae9-b4a72a79ea68,53,Other,Property,38592.73,2,2,2993.99,29846.23,High,0
ebd34616-91b7-4d8e-9301-6989bfbbb17f,68,Female,Property,22221.31,13,3,4006.26,36242.19,High,1
77fc9703-1fd5-4423-b06c-5c5649e2623d,53,Male,Auto,143356.88,5,1,1710.14,13420.34,Low,0
670acc5c-b321-4f21-8dd8-eb85b04d3376,27,Male,Auto,98241.73,13,2,2679.04,3846.07,Low,0
8a3c3b5e-801e-41da-85b1-ed25f1533ae8,34,Male,Property,126885.15,6,3,981.38,15232.9,Medium,0
9918ee46-1497-4658-b010-f7197e695d0d,78,Female,Life,171490.41,12,2,2481.0,21530.81,Low,0
bc0a6a5d-6e99-4e3e-a3b1-37fc0a3450fc,70,Other,Auto,74078.35,19,5,1403.83,15709.16,High,0
069f14f1-4018-4c6e-9a8c-fa3c5283aac7,79,Female,Life,72460.67,22,5,2709.53,28793.96,High,1
ac9ed156-f63f-4e41-ba9a-ca5e176132ed,33,Female,Property,70454.03,25,3,2142.57,46603.36,High,1
964db03f-9340-4fad-9c4a-d56bd6016237,30,Other,Auto,142708.27,17,0,4788.52,23081.11,Low,0
c3c75611-ffe3-4a49-854f-92fff366bad4,63,Male,Property,163583.39,26,5,811.21,42389.4,High,1
9384ec2b-44fe-4cae-9248-a9a7ac1aa554,68,Female,Property,45052.24,9,1,1637.07,7707.16,Low,0
2cd94cbb-c19a-458c-835b-1c8c0a4c9f7f,45,Female,Health,100832.01,19,3,3120.1,26718.37,Medium,0
7135f221-a6c9-437f-84da-d06a7872bdeb,77,Other,Property,117856.14,25,2,3657.35,40614.85,Medium,1
ff37d19c-2e76-428b-8735-44f9ea83bf00,56,Other,Health,39686.5,7,5,3491.12,8316.92,High,0
d0725b5c-a281-4044-af96-288295d82980,57,Male,Property,194026.0,10,3,976.75,4930.33,Low,0
785299f4-175b-498d-b814-01027de1bdfe,32,Other,Auto,100240.14,12,3,3975.54,29429.5,High,0
5230dfbd-5553-42fe-a889-803e5913f9d3,50,Male,Life,199586.49,15,0,1829.44,46027.38,Low,0
292bd156-db94-4570-9ac7-0ec0ab8ddeb4,23,Male,Auto,82699.16,10,3,4029.21,26055.74,High,0
7ed70ed7-b194-490b-a961-929e546e035a,40,Female,Health,98869.87,22,3,1935.09,15013.2,Medium,0
668409e3-f1f8-443e-a99f-131849c8a43f,69,Other,Health,24065.32,10,5,992.13,40002.51,High,1
0964fbbf-8cd3-41b0-82b0-1cfdd045dd1c,77,Other,Auto,112878.9,17,1,1989.45,21318.47,Low,0
409d3602-5084-4242-968b-1625746f7891,47,Male,Property,133356.86,5,5,3457.89,19779.12,High,1
c5c5b37a-f85e-46a1-9dad-09b252c21221,65,Other,Auto,100923.5,13,3,520.03,10739.81,Medium,0
d32e6dcd-83bc-4478-9d6a-c7b86778043b,35,Other,Health,123922.62,25,4,1341.32,16299.25,Medium,0
de8ede0b-a85c-4e4a-804b-6fabfcf56188,47,Male,Life,140726.26,15,4,4846.62,15670.21,Medium,0
0de051a6-69ca-47d2-b644-14fd8ae769ed,42,Other,Property,125660.85,11,2,4304.83,30868.13,Medium,0
9f64eeed-5c9d-427d-84b8-71bb300568d2,70,Other,Life,185362.86,18,0,3524.5,15659.29,Low,0
71299889-a01a-4992-bf9d-3e64c1a6423b,33,Female,Health,52948.01,22,1,2798.71,20911.96,Medium,0
445dcc38-341c-4494-8d36-6dfcc28ebd70,26,Other,Property,96146.98,15,5,2918.21,45958.05,High,1
49bc473f-ed7b-4656-a18a-15368c99a894,77,Male,Auto,108135.56,4,1,1915.61,22550.05,Low,0
7c16128d-b2c0-4394-a17f-29e170286046,21,Female,Health,107229.61,6,3,4837.23,25271.9,Medium,0
a14923c2-f920-464c-8763-fcd01f15c7b6,49,Female,Property,94813.48,26,3,2699.15,4133.53,Medium,0
b5b453ca-3d42-493c-8c9f-d3349bdf0377,19,Male,Life,25885.12,7,4,1799.02,39037.01,High,1
03802b70-8d03-491e-8f8d-5238288b78b5,54,Other,Property,118950.71,3,4,1013.93,38755.65,High,1
3985fb62-17dc-4eff-a872-13f98d605936,70,Female,Health,156800.74,14,4,1483.44,21257.73,Medium,0
1d0bc9bd-e9b5-45cf-9766-5cdafe049059,65,Other,Auto,73587.61,1,3,1682.67,43109.98,High,1
a5d04d53-1e12-42e3-b272-92b6762172ed,23,Female,Health,159613.7,7,1,4148.16,29396.19,Low,0
eec259dc-7f95-497c-a76a-a6ced50755d9,40,Other,Property,49876.69,4,1,4160.88,40272.02,Medium,0
b495db4e-8245-4fb4-8ab7-706eb77350ca,54,Female,Life,127434.38,5,2,4905.5,14631.73,Low,0
7b85179a-d5b0-47e0-aa5d-932b45ff2c83,54,Female,Health,44406.0,24,3,4634.46,49624.31,High,1
74eff545-3e65-4603-b8e3-654bfaf14ff0,73,Other,Auto,146256.77,4,1,1158.1,16104.84,Low,0
30cbd755-6232-417a-a507-41818d1fb540,33,Other,Property,108102.57,18,5,1709.23,20711.25,High,0
bf0d073d-821c-4336-9970-cf60ebff8d15,46,Male,Health,92513.14,23,2,3626.17,43865.87,High,1
11df12d7-dd30-4e89-a2f2-35f2e11b868d,47,Female,Life,124752.0,27,5,919.14,48607.51,High,1
dabac50d-ca3d-4859-85ce-099c46b82659,58,Other,Life,173019.12,25,4,2289.72,48406.43,High,1
c9a7d91f-ef2a-4713-9702-10496a39aaa6,70,Male,Property,68336.63,26,2,2019.9,28896.68,Medium,0
00a81de9-d20f-47d0-8465-6d6b81fb18b3,54,Female,Life,180947.84,24,0,706.74,31308.98,Low,0
d664d264-4c6e-47ff-b9de-7a3a486822b9,71,Female,Health,42362.69,27,1,2485.79,33.8,Low,0
a8f1e091-ffb8-402d-9475-dbc996418ced,79,Female,Auto,199224.93,29,1,4469.66,15093.28,Low,0
7250ee18-260a-4962-9d81-b7f57d5911c6,73,Female,Health,137825.83,8,0,2173.3,45190.01,Low,0
551ac8ea-585a-4afa-bbfd-cc1289e06ab3,28,Male,Property,132608.77,23,5,3898.54,21461.55,High,0
6090d697-8b1e-4b9d-834b-9fbb8d4a75b8,23,Other,Health,20195.53,15,0,1097.15,11309.54,Low,0
de9e3757-5260-401e-aecf-67d2749176f4,61,Female,Health,21451.26,10,0,4946.7,21115.7,Medium,0
3d225c30-b28f-41de-bb14-0bc3304b8590,26,Female,Health,61210.44,2,5,4126.81,5160.08,High,0
db23aa8c-3bca-4f85-a20a-60ac9261549d,41,Female,Auto,88889.79,26,1,3387.09,33856.85,Medium,0
517400f8-0b2c-482a-a928-8e92c68a152f,22,Other,Health,129857.46,5,3,2080.34,10652.77,Low,0
e9d68f23-b489-4070-b914-f8a8bea4ff31,65,Male,Property,130893.68,14,1,890.1,5023.26,Low,0
fd08b32c-62d6-4e93-a198-5d54cfb87e6f,66,Male,Property,83276.42,13,2,4059.84,12389.32,Medium,0
a6eab79e-d21c-42f8-8ada-4f80a9e782d4,59,Male,Auto,119611.39,19,5,3234.17,38948.48,High,1
f6febc0e-7ecd-4baf-a6f0-5fcffb16e5db,62,Male,Life,56980.23,19,4,1348.91,19587.55,High,0
f72169bb-8096-4718-a051-acef097a1e10,59,Male,Auto,109079.79,3,1,2748.12,29696.49,Medium,0
19b17e80-dea4-4e17-94fd-9ad39716108e,51,Male,Life,188106.39,4,3,4373.66,28419.02,Medium,0
1986b4b2-70b7-4868-9854-80f0dfcaf0b7,41,Other,Auto,157290.67,30,0,575.1,3376.63,Low,0
03edd1f8-74f9-4d17-a912-b4bf86a4bae4,34,Male,Health,186064.27,30,3,2779.75,31428.53,Medium,0
def57689-68f4-4bce-a4e7-5e8eb8f21423,50,Female,Property,146325.91,2,5,2914.54,30802.35,High,1
1327f1bc-2784-478f-b84f-16b3a79fbfaf,35,Male,Life,34223.88,29,1,4884.41,7768.86,Medium,0
43d88870-f81d-4aa1-8812-0a8e78308930,38,Female,Health,75830.51,13,5,4790.43,11931.87,High,0
65c17795-b155-46bc-9f8d-ed9756abf2f1,33,Male,Property,40877.58,19,4,747.63,33303.98,High,0
541cdfcd-da0d-4a5f-948f-8b74a65bb1f2,60,Other,Auto,41499.74,22,1,3656.75,8191.63,Medium,0
889b78d5-dbfd-497e-aca2-b148da330aa1,78,Female,Life,50053.33,4,5,4015.06,13438.22,High,0
a075e927-5110-4492-b442-7e0b61484bb3,74,Male,Health,80301.98,13,2,2857.34,13147.48,Medium,0
7cea2045-c268-483e-a32f-2e63b7fddd71,80,Other,Health,109306.56,16,2,749.48,42967.99,Medium,1
9e11d2cd-0930-4ef6-8a80-068ddf547e50,28,Female,Auto,65920.89,3,4,3533.54,5766.68,High,0
af34cf65-a193-44b2-bc19-e71d118405ad,65,Other,Health,27926.82,27,0,1600.48,23588.23,Medium,0
3a3c8a71-ff57-4e2b-8991-ab9bebc2026f,42,Male,Auto,187608.81,27,0,2987.89,45697.38,Low,0
fa745761-6f18-4108-9723-199dbf2c14a0,65,Other,Property,60412.76,7,3,4621.35,15996.76,High,0
b4323070-a23d-4c2f-82a7-96891933918c,70,Male,Life,41492.17,21,0,1307.05,40216.9,Medium,0
2a96e1e2-7194-4ae2-99ba-d7aedf615a5c,80,Male,Property,32406.76,14,2,3980.87,15534.89,Medium,0
0769165f-e746-4cb9-8ca9-cf07b1aa0f6a,23,Other,Property,21434.45,6,2,3037.13,15195.47,Medium,0
0e5dd462-cbd0-4ef2-930a-37df0bc61066,57,Male,Property,86289.25,15,1,3796.09,27327.96,Medium,0
6e417d47-5ff5-45ea-9bc4-40f14b1a269b,68,Male,Auto,21148.02,13,0,1548.49,17321.18,Medium,0
697c3923-87fa-441a-be83-b91f25440fe0,71,Other,Health,191178.25,0,5,2193.24,36904.13,High,1
2e183554-cae2-4e66-ae8a-781390e0a95b,37,Male,Auto,115366.61,7,3,2714.13,2994.75,Low,0
9c07a751-1437-4509-acd1-586a2b840c67,27,Other,Life,36744.79,29,1,4537.79,25987.96,Medium,0
aee1e86b-9ea5-46aa-a1ee-6c5bdeef580f,62,Female,Property,195419.86,2,4,930.1,6675.69,Low,0
9549c931-e9af-499d-bf67-1eec3da70577,70,Female,Health,126541.24,1,3,3481.0,6535.41,Low,0
a34db7c5-760d-4bbb-bb70-b3a124a35cf2,36,Female,Life,186687.55,12,5,4243.55,16312.58,Medium,0
aab612c9-415d-474a-b5a6-69814104a8b5,46,Female,Auto,33443.74,6,1,4009.72,29235.4,Medium,0
771ad655-cdfc-4ee0-a61e-de900267deb3,27,Male,Auto,100922.01,10,3,1043.32,17914.37,Medium,0
8beddb12-ad77-482f-89a2-3a89e6b5a92c,67,Male,Property,75495.39,8,0,906.89,40379.85,Low,0
f1faf665-7115-43f3-92e8-9d1028711733,37,Other,Health,58703.74,27,2,1167.46,35557.87,High,0
4c955f6a-966b-4964-bcd6-bdca5876fd09,79,Female,Property,112422.74,21,2,1670.75,49533.83,Medium,1
b0b862ef-6c9f-42b9-b647-8986a3917c99,19,Female,Property,120071.68,17,1,926.26,5095.37,Low,0
4d57d880-d865-469a-b4f3-310340066ff2,68,Male,Health,22152.25,26,1,1088.22,41183.67,High,0
da743152-627b-41a1-bfd6-f23232ffe294,41,Other,Health,124818.28,8,0,598.1,3223.6,Low,0
61a11729-3cb9-4350-9b4d-a0fe7bb38605,75,Other,Property,165673.76,2,2,1051.37,47114.03,Medium,1
4bbe4aff-9326-4ffd-9be4-bf5192698698,21,Male,Property,167903.37,12,3,632.67,34160.65,Medium,0
059dd55d-4b94-4e30-b303-f438fe2110d0,29,Female,Auto,183494.76,8,2,2507.05,7431.57,Low,0
6553867d-a881-4fd3-947d-577bfa5a91ca,57,Other,Auto,136510.11,15,3,4472.5,23951.55,Medium,0
dd750e98-90e0-495f-8212-b554464458b4,23,Female,Property,44702.48,6,5,4480.94,26290.7,High,1
f93e08d5-bea2-4dfe-873f-6e1baf908e3c,58,Other,Health,198092.65,25,5,2116.0,27225.89,Medium,1
bec39a37-9b3d-44bd-a91e-314e0c8e29e3,49,Female,Life,89908.63,5,0,1934.95,10951.01,Low,0
e726be23-e776-4886-9534-ee1d7f2984f5,75,Female,Health,165557.7,15,4,2108.45,29199.45,Medium,1
3ae909fe-cc82-48da-8696-f5e64944051b,32,Male,Health,64614.27,7,2,2901.6,39561.86,High,0
3810ae66-5a31-44cc-8d4b-69a99b689c88,65,Male,Auto,123624.58,25,3,2096.62,41961.11,Medium,1
402913ec-9ef2-493e-b0ac-7d7ba2f963a3,72,Male,Auto,62579.2,10,5,3639.32,45699.0,High,1
c478f6f1-b88e-4318-816d-83edad81f8bd,19,Other,Life,190560.57,18,1,3033.99,9411.68,Low,0
2303f6c6-d69d-42f1-ae4c-84ffa8c01f05,69,Female,Life,51600.22,1,0,752.76,30083.14,Medium,0
a0a11839-e745-4704-98df-bc3ca0d4de3d,19,Other,Property,20123.03,29,4,1406.59,6524.48,High,0
c9e26074-4f16-49a0-8a17-991ea5769411,63,Male,Life,30720.07,4,4,3671.13,7082.63,High,0
5d678bb1-945e-42e4-888a-93ec70d9c9f8,25,Other,Life,192900.58,11,5,4738.65,19779.78,Medium,0
e8dd5e5a-1712-4b16-a1a4-344fbb7bee03,24,Female,Life,78068.58,5,5,4769.12,39592.13,High,1
6a5e6920-bf5a-47e6-93a3-dd5a4b8c5bdc,79,Female,Life,51356.48,30,4,3621.02,46442.26,High,1
c958e75e-21d5-4971-b367-49b52cf6bf75,68,Female,Auto,139795.7,26,1,2202.73,36699.75,Low,0
5da8d6d2-f8b3-4a8b-a05f-b8bc8a16a06c,36,Male,Auto,151189.57,30,5,4769.14,19580.07,High,1
45c45a3e-e9da-484a-8075-9f1f87e5f0fe,67,Other,Health,52774.72,10,4,1494.03,28277.51,High,0
e9ff1cae-41c8-4a8c-aa1f-955ad499da99,77,Female,Auto,79610.32,2,1,2060.65,15975.93,Low,0
f7a67b94-7b5a-411a-b1b6-4afed31edf1a,58,Male,Life,100393.39,8,1,1622.93,3389.74,Low,0
ded255d0-bf1e-4366-8b8e-63d4ce7607ad,34,Male,Health,28666.54,14,5,2388.44,8316.92,High,0
77e490c7-1d7b-4313-8de2-2f1c56b60afc,44,Female,Property,83221.61,12,0,4229.63,39436.5,Medium,0
c1101266-2408-46dc-9346-d1a9f6802cdb,54,Other,Auto,49278.17,2,0,1827.09,15935.85,Low,0
ad238d36-dc32-4c97-b9c1-e262f76c8ede,78,Male,Health,81525.48,28,3,1224.07,3750.12,Medium,0
65bcc272-fadd-4ea3-aca5-e2fdb966442a,78,Male,Life,126925.5,19,3,3670.27,21566.17,Medium,0
8eac0a33-cdf9-44a7-9882-b5c1f79efd70,59,Male,Property,48278.68,3,2,1424.98,9499.21,Medium,0
6502d6a2-ca6a-4224-971e-16cc5da36f1b,62,Other,Life,138907.62,9,1,931.62,19645.11,Low,0
1fa382e8-895c-4d99-83b3-8eb403902c5d,53,Female,Auto,29810.87,0,3,894.33,41194.87,High,1
bfbf397b-ac3e-4b0d-9e5b-a13d746cdb77,58,Other,Property,55941.46,0,1,1268.74,14590.57,Medium,0
618ae305-95a5-4afa-831d-029fac1e86d8,23,Female,Health,75503.61,12,3,2700.94,33052.0,High,0
5f18e583-f0b6-483f-a377-f6f1d289f0ab,23,Other,Property,53278.62,28,3,2162.31,22288.76,High,0
78b2b549-3bdb-409e-acc2-16a01bbc91f7,34,Female,Property,67412.15,26,2,3039.11,7556.53,Low,0
f1738856-e25d-46eb-9e9a-9f83066803ee,62,Other,Health,35427.32,11,4,2362.94,37822.84,High,1
9c2e58de-ea4e-4617-93f8-382b8fb864e4,32,Other,Health,171343.49,26,4,2383.84,26775.72,Medium,0
a2a9d4d8-102e-4de5-a5cc-8bf738ab854c,73,Female,Auto,105727.21,2,3,4562.5,35715.28,High,1
b379cb1e-e8cd-40cc-b6da-3ca0d2e82f38,50,Other,Auto,41650.74,24,3,1277.96,49218.4,High,1
1dde7969-6886-43db-a634-8e784d5c55c7,80,Male,Auto,42713.48,13,0,4947.26,21769.66,Low,0
0986bbeb-f23e-423d-8b9b-d93423c86d30,70,Other,Auto,170139.46,8,2,4598.62,45708.7,Medium,1
1dba1267-7e1c-45a1-bef5-18a64dead645,22,Male,Property,120145.56,17,2,4354.81,25984.41,Medium,0
899ca782-e323-4d1a-bc1b-dacc18e19331,76,Male,Property,40253.39,4,1,3049.67,29133.85,Medium,0
5efa9c5b-7421-4f46-a37e-4b0122bae10e,79,Male,Health,121283.08,3,2,4403.64,44006.79,High,1
b24cc64f-be3e-4e57-b30a-9e32aba4fc03,74,Female,Life,88947.83,15,4,3240.33,1873.28,Medium,0
965befdf-6b4b-4411-8a4a-0e2df22b5b98,35,Female,Auto,131284.01,21,5,2307.74,19789.64,High,0
e2aa7a5d-278e-400d-ba02-66efbe055787,74,Female,Auto,28872.38,15,2,4536.64,1011.64,Medium,0
d56ce8ea-1959-4b5a-a7a8-f6366a35df59,70,Female,Life,70462.4,15,5,3581.83,48624.83,High,1
f065c817-687a-4850-9d9b-62317d45d8ef,32,Male,Life,195359.5,14,2,1712.39,20838.64,Low,0
b0b63bcf-0860-4833-879d-0cdaf396ea37,59,Male,Auto,99508.99,29,3,3834.25,37974.66,High,1
71d79665-7181-4dcf-b79e-fc6e5edb0d3c,73,Female,Health,112748.55,5,0,1900.05,25339.76,Low,0
5cd8fe1a-dafe-48a9-bc71-e0bef3579560,26,Other,Health,51272.72,28,1,4266.4,12474.51,Low,0
5e09a9ee-af88-4dec-bb1e-143b196f4dfa,47,Male,Life,146834.11,8,2,4205.78,25256.32,Medium,0
a5135ea0-fa53-434d-a6d5-901d8b621d41,58,Male,Health,63548.86,15,4,2507.47,48026.02,High,1
46a02a9b-65ec-4acd-8f80-35f55bd20c98,48,Other,Life,81964.82,26,2,3870.33,34442.53,Medium,0
f2f25eef-1f45-4bfd-b7dc-67e030974b2b,36,Male,Property,28937.19,27,4,4009.24,10715.93,High,0
1777e8cb-7468-4b98-92fe-2fded918b3e5,32,Other,Auto,141985.14,8,5,2342.78,1002.62,Medium,0
a3b5cece-a446-4e72-b64c-911aa9ab364a,67,Other,Health,105337.5,4,5,1279.4,40043.24,High,1
0cf2b69b-0577-4ea9-b899-924698de8ebb,32,Female,Life,148293.29,22,5,1739.2,44774.15,High,1
fd235def-3e5a-47e3-9560-db22c96b5edb,72,Female,Property,65359.77,14,2,3547.38,41215.54,High,1
34885a46-9088-4eaf-8977-6598203c8c25,43,Other,Health,21322.56,21,2,3026.56,29688.63,High,0
8de08fc2-c3e1-4a85-946e-f10411906f50,36,Female,Health,106712.92,10,2,3382.68,43074.58,Medium,1
d0243d72-3748-467f-961d-33ba350843f0,34,Other,Life,53904.81,16,1,4548.59,40271.49,High,0
c63d04ee-541c-4a86-bba5-cd2fdea45c19,69,Other,Property,138895.46,21,1,3745.77,32770.03,Low,0
989240ac-e689-43a9-89e4-8e8c25c61c45,36,Female,Property,92827.8,23,0,3123.61,49737.69,Medium,0
fbe94499-dbc0-40fd-86fb-7bf300b9d4a3,70,Male,Life,150778.98,7,5,2905.86,39244.85,High,1
8a4b8f7c-2147-4a15-bcce-96f6250a4578,76,Other,Life,111316.67,27,1,4282.87,43824.74,Medium,1
1c24220e-2cab-47e7-8c6b-66e5402adf9c,29,Female,Health,104740.56,23,2,3763.34,27951.58,Medium,0
21bddb41-0699-4731-9dcf-8766a93b12cd,76,Male,Life,137798.24,7,2,1504.98,43571.61,Medium,1
c9d6a63b-ca3c-4f5f-9bb5-c40c03cde2e3,44,Female,Life,66900.66,9,3,4330.46,23526.83,High,0
040a3aae-52e2-4fd9-96bf-10ab3ce915e7,73,Other,Health,104999.54,6,4,1039.17,34034.89,High,1
20733f6d-0d6a-45b3-83ef-20162c9b662e,51,Female,Property,29731.15,27,1,1118.14,10014.83,Medium,0
1d181ee9-86ad-4a8c-abc4-123ebde13c1b,44,Other,Property,45780.35,27,5,1311.61,4040.57,High,0
72c22a16-79eb-4168-9045-56e5bee3eb79,39,Other,Auto,76414.53,1,0,2534.24,10469.12,Low,0
97fa7f04-8363-4007-9cae-9610c72c1fe3,67,Male,Auto,108123.88,24,0,1082.33,21685.57,Low,0
38b77c07-80fb-4296-b3b6-a09b1beaf6ac,45,Female,Property,193759.01,12,0,669.76,9970.71,Low,0
ba2c98ce-0b19-488e-9d77-a45ef206c269,41,Male,Life,156232.59,16,1,580.62,206.19,Low,0
a8addf36-ddf2-45eb-a8a3-f341c8819065,64,Male,Auto,144834.45,11,2,1080.19,19177.52,Low,0
a4b1f991-7542-4646-8d37-a539857dd3b3,55,Female,Auto,31751.66,1,2,4768.09,22796.32,High,0
ffa361be-0f92-40e1-87f9-7d05f6ca6b8b,51,Other,Life,98059.74,21,1,2042.3,45069.19,Medium,1
6d204496-66d0-4371-98e8-8ebb7a9e8eef,40,Male,Auto,190655.18,29,3,586.06,11216.07,Low,0
b65feea9-7d82-4264-9ba3-62e7afa415e5,26,Male,Health,126144.71,5,0,2149.66,32527.02,Low,0
e63658c9-12d0-498d-b18d-4d05e8e22743,20,Female,Life,158824.94,19,0,3172.66,2398.02,Low,0
25f934bf-9bb9-4155-9275-eb9414aeaf5c,24,Other,Health,28682.31,3,3,2499.41,6179.75,Medium,0
9fd34579-4667-42ce-a04e-178c10d08d11,34,Female,Auto,56989.08,21,5,541.87,21043.57,High,0
b64fa54a-8c61-4654-95da-75c1a21150f9,24,Other,Life,132103.6,22,1,2384.72,44931.1,Medium,0
98eeac2b-fe9f-4caa-a182-f347533f5a72,50,Other,Health,70887.22,25,0,2739.83,30450.09,Low,0
816bcb9f-7426-4193-8b7e-6b3c87d292a6,67,Female,Auto,84425.93,13,2,1221.68,27406.94,Medium,0
cb08587d-1963-426d-ae21-8b099afd4015,76,Male,Property,79508.65,0,0,3522.35,45344.0,Medium,1
a79b44b6-da50-4fed-9d4a-3d81b3a7d0e0,71,Other,Property,46846.01,2,4,837.72,36178.81,High,1
8d244e3e-c4da-4ddb-a0b1-5abaa6a27967,75,Female,Auto,102215.22,9,2,2589.25,4990.45,Low,0
6e191042-370b-4063-9d90-e79eb888f6ed,29,Male,Life,84838.64,21,2,2416.98,5795.05,Low,0
69efafb1-3a7e-4e14-a359-eee173991a47,72,Male,Health,173359.77,21,5,1267.31,17876.37,Medium,0
66132e69-7418-4109-93d1-bf0f56c438e4,46,Other,Life,178125.6,2,2,4167.34,9143.47,Low,0
50032b35-1857-4baf-bac7-e2b96a7e4c36,43,Female,Property,68929.96,12,5,4328.02,39994.95,High,1
4140752c-aa44-4259-9001-8b7b6d4067f4,59,Male,Health,43852.08,23,0,4917.06,42217.49,Medium,0
afd380c4-2713-482c-b41e-a3ac5fd23109,24,Female,Property,164407.66,21,3,1315.67,18987.54,Low,0
175a81ec-112f-4612-b969-9ed2ec48bf55,40,Other,Health,175263.64,28,5,4880.5,6532.77,Medium,0
6e8f75a1-17dd-4d81-95da-705cd4ef00aa,76,Female,Health,179766.91,14,0,785.01,32748.68,Low,0
5f65c8ce-bd21-4c11-be9d-61ee18b87245,18,Other,Auto,196021.2,21,2,2835.95,34412.08,Low,0
0f5ae9d3-8e6e-4003-a14f-3f12cfd01cbd,57,Male,Property,139108.39,7,3,2055.87,33814.78,Medium,1
8fca7b6a-8fc4-4092-b4e5-59e596229348,42,Male,Health,22096.08,29,1,2775.05,23464.45,Medium,0
692ac139-1f4a-4ca1-ab85-fd595463adc7,49,Male,Health,155257.4,10,1,1989.03,13907.86,Low,0
f0ede303-aa53-419c-9fa4-bb9f5a856750,50,Male,Property,92589.86,7,0,2565.93,40063.06,Medium,0
ea74bb18-de3b-496f-ac45-96f6c012a0ff,46,Male,Property,100472.26,3,3,3853.58,888.46,Medium,0
49a214ae-f7e8-48e5-8d2b-91efb8976ec5,43,Female,Health,120283.58,0,0,4063.02,48158.56,Medium,0
1a85910d-5a05-4c11-8ffc-a6b199b479d4,58,Female,Auto,137827.28,14,2,2135.04,2713.76,Low,0
279c658a-3676-4ce5-81e5-c9f693f277cc,32,Female,Life,120827.15,19,4,2629.1,32858.36,High,1
d8e7012f-3968-4c81-bb70-c3b8a81fdec3,63,Female,Health,37538.66,21,1,509.89,17756.95,Medium,0
8e676a01-d86a-4460-99a1-120e1bb43332,58,Female,Life,146377.29,1,1,2715.9,41091.93,Low,0
47503f1d-c33a-4f6c-9d69-1fba5e187b24,65,Other,Property,39253.07,19,1,1343.95,46510.81,High,1
6dda4f8d-cea6-4f4c-b9e5-8ff092f837d4,43,Male,Property,168419.75,6,5,2020.7,37857.47,High,1
c4767556-f97b-42dd-8f9b-72aed85c16bd,20,Other,Health,158986.13,14,3,3463.06,47809.52,High,1
accb461a-9d13-4363-9f29-4a8bd1846c39,26,Female,Health,115465.58,1,4,4708.89,41940.81,High,1
9be71737-06b8-4231-8e86-7f3ca487eeab,48,Other,Auto,144527.19,5,5,4168.6,5177.7,Medium,0
b18753e6-d457-4ad9-a867-a096edd877c8,60,Other,Life,110739.82,12,3,4907.75,45795.51,High,1
45f50c52-2e2f-4f77-8769-79d644777442,66,Male,Life,91616.6,10,2,2537.81,6668.59,Low,0
ebe9e207-4f19-4ec0-832d-4526b3e4110a,44,Other,Life,171753.4,17,2,3703.43,46775.6,Medium,1
2e709838-0190-4620-99dc-abd056febfb9,58,Male,Auto,57748.29,22,2,3589.75,46059.59,High,1
a847bce7-90fa-4b57-a4ac-2130deaf528d,26,Other,Auto,110700.82,22,5,1950.72,5770.26,Medium,0
bdb025ff-2451-45a4-91d0-59b26699cd99,40,Other,Property,124905.13,30,5,3695.56,33712.17,High,1
177d6e7e-07d9-44ce-b8c8-8faea2178f84,75,Other,Life,177945.9,13,0,2852.28,1263.61,Low,0
604e46cb-3712-42d1-87cd-b6a1bf012e32,27,Male,Health,55982.44,24,1,4925.9,34169.52,Medium,0
284bf962-5744-4596-b422-21676b7a2460,27,Male,Life,56720.16,17,0,2114.07,22629.73,Medium,0
530ac1c7-b8ba-4368-8fc7-77685ebbcca5,57,Other,Auto,153634.29,17,3,1569.18,39215.36,Medium,1
98a21f1c-914d-4fae-b100-13a7c6deb2f0,69,Other,Life,144728.49,1,3,2244.0,47835.1,High,1
27d415b6-0d77-45a0-a222-b6a615bfbe97,80,Other,Life,193849.98,1,0,3846.51,10154.36,Low,0
0cbd3c03-9e2a-44ac-8122-b5b3284c03d2,73,Female,Auto,184067.55,22,5,3414.35,37755.39,Medium,1
716fda0a-45a8-4829-94e2-86e5ac8936bc,52,Other,Auto,159706.41,30,1,1823.8,8871.29,Low,0
9b69554d-7c54-435f-ac8c-3b6aa974d079,61,Male,Auto,193245.54,23,4,1037.09,2031.71,Low,0
372f871a-45ee-432d-aa07-f2137129cec7,35,Other,Life,43411.98,18,2,525.4,23316.57,Medium,0
585d3f86-1d23-44e6-8329-20b7c143f426,77,Male,Health,47666.61,10,4,728.85,46619.09,High,1
ad9fb00d-4882-473c-9c63-45ab6e0ed1e8,57,Other,Life,108299.17,18,4,2111.39,39201.57,High,1
86e52753-7c93-46cc-97d7-a560adb14670,38,Other,Auto,192257.79,16,0,4038.16,7968.52,Low,0
3873e57f-0ba0-48e8-8ef4-92c1aac93316,52,Other,Property,36550.2,7,1,3485.01,16553.33,Medium,0
0e0630cd-996d-4c50-bc04-a168652ffb49,36,Male,Property,199393.59,26,5,539.62,33446.92,High,1
f200c261-4d29-41ab-b455-12f701f7c7ec,46,Male,Auto,192601.43,21,2,2216.18,39810.33,Low,0
c3a00c6f-2321-41e1-8471-04c036136e15,25,Female,Life,117242.72,9,0,4601.01,41105.45,Low,0
1eb74b56-53ff-43a2-8a19-35014169b9fc,41,Other,Property,107624.85,9,5,1366.31,25694.74,High,1
6e3f683a-bf3c-4140-bf54-a51101fa964e,78,Male,Auto,194893.18,24,4,2899.43,31346.65,Medium,1
88575117-6155-4667-a112-507c2cfa55b0,31,Other,Auto,175691.15,13,0,1425.11,41437.43,Low,0
8f0881ee-8011-416b-bae8-8926b423ccde,74,Other,Property,136381.01,30,0,3861.01,7687.73,Low,0
5aaab32f-ce63-42b6-ab05-347fd556b37d,47,Other,Life,26819.54,2,0,1300.96,12595.4,Low,0
bdf66ba5-dc9c-46de-a5a6-74c212738a23,22,Other,Auto,183977.58,13,3,2530.07,20222.4,Low,0
75b27455-04cc-4ede-afac-16730ad45230,38,Male,Property,141193.77,17,0,3386.4,30917.47,Low,0
5024bdc6-dcb3-4df3-93ee-cdc6ebd14d2c,66,Other,Health,146158.77,2,2,4676.21,5306.78,Low,0
67884209-92ca-425a-ade5-93329364f3d0,68,Other,Life,129181.85,9,3,2216.36,41106.12,High,1
4a1dab32-6aed-4dc7-a3e0-5309b5a1b949,19,Female,Auto,116024.2,4,5,2259.47,39874.23,High,1
f758dce2-0556-4aea-a7b0-32831d7c0098,52,Female,Auto,73650.17,28,5,3415.73,47869.58,High,1
f296d9f0-cd23-42c2-abff-e17b532401fc,18,Other,Auto,42182.33,0,4,3184.95,26857.6,High,0
b08a4895-d4ff-4666-b5c8-e90d9e3d750d,78,Male,Life,57809.52,23,5,2047.33,20632.72,High,1
6fcc57dd-168f-4e12-9ca2-60c9eb7607c9,59,Other,Auto,48971.78,7,4,4256.37,9716.31,High,0
6f887f28-3e49-4d09-9b19-d8b8d8302081,29,Other,Health,173249.79,29,4,2575.69,27483.23,Medium,0
1422373f-8622-48d1-a683-e10796c044d0,36,Other,Health,65123.77,6,5,3112.68,47577.0,High,1
beed10b6-4f6e-474b-9eda-b0276550f74a,40,Male,Auto,38008.11,19,0,4550.53,15889.3,Medium,0
c77444cb-5543-4c3c-b8b8-f24e56ea57b3,46,Female,Life,144822.46,4,4,3050.88,40384.99,High,1
a21b0307-82af-485c-938d-994c2b0abedd,79,Female,Auto,20869.74,7,1,3704.9,32041.93,High,0
31a3ac4d-828c-47e7-87d5-b7be1d30d990,35,Female,Auto,142324.43,10,3,2582.82,17937.08,Medium,0
59e1ac09-5970-4859-86b6-e4ade7ea8d5a,37,Female,Health,51638.63,19,0,4288.07,42935.68,Medium,0
a53bc024-d1a6-4d87-b54e-2019ba35844e,26,Other,Auto,67382.24,28,5,844.08,3770.0,High,0
1a5165ca-3c7c-4d85-a5cf-0041d0a643fe,19,Other,Health,166275.63,18,3,3961.4,10638.03,Low,0
2c6a6e9a-3280-47a1-8187-222b257d5e52,20,Other,Life,117824.48,17,3,3442.59,7431.65,Medium,0
c257cf73-c29d-482b-a722-796e9a36d1ec,43,Male,Life,44098.63,16,4,907.49,18193.28,High,0
f387e1bd-2d59-42c6-934a-5a2fa7cf705c,18,Other,Auto,172636.73,25,4,3578.73,37860.3,Medium,1
76c5a0dc-7e7e-4419-a0c1-4035c5d95f51,26,Female,Auto,52246.13,30,4,3467.36,48386.78,High,1
9458054e-c287-4f06-9050-f7efc1235c91,65,Other,Property,189051.55,1,1,3926.63,11587.5,Low,0
e1cde87f-ec95-4f87-ae5e-c36572eb7474,34,Female,Auto,27705.52,6,4,4584.77,18062.57,High,0
fc8d5b93-a2a2-491f-a49b-1cd99082889b,48,Female,Health,27182.85,20,2,964.51,48422.07,High,1
f891b0c3-dd3f-487e-92bd-c6619fe0a8c7,58,Female,Life,124153.66,18,1,2194.97,18925.93,Low,0
70944bdb-26a5-44e3-90ee-7a92a09151e0,55,Other,Health,112999.32,12,1,2823.67,17644.9,Low,0
a1a27485-7134-4c2a-b80b-3657117b355b,73,Female,Property,162678.34,28,4,529.69,44101.71,High,1
97674900-4651-4367-8bdc-43184d85a3d2,46,Male,Auto,33875.88,20,2,1451.83,9345.28,Medium,0
12fe28bf-81e0-4489-9a18-e2a30e614bcd,41,Other,Health,138999.74,13,2,3741.15,24075.83,Low,0
09a0a0f6-73b0-4091-b634-c1694f76e388,48,Female,Auto,126342.36,20,3,601.01,2157.22,Low,0
497de16d-d4ea-420a-9e65-96540e9058b6,54,Other,Auto,44250.33,16,0,4508.59,7343.26,Low,0
fa34d2e8-dd3f-4d7e-a508-dc9513a4a492,28,Female,Auto,112995.32,12,4,4861.6,31881.14,High,1
98159d6c-9d71-4084-971d-abf9daf481a7,74,Other,Life,190505.7,6,3,3229.37,23570.67,Low,0
949077c2-7674-456f-a26d-719d81cf3252,48,Male,Auto,169465.44,19,1,4075.77,41022.66,Low,1
bd29ede9-cab4-423b-b448-83858de7ad6c,29,Other,Life,50189.91,21,2,4650.58,29826.67,High,0
e8b77f7b-7321-4f6b-8a80-76ece5582e16,22,Male,Property,89383.14,3,0,1410.57,42979.58,Medium,0
30307633-a6de-41d8-9258-17b7cf501889,50,Other,Property,168772.55,19,0,1298.4,45080.41,Low,0
80599b93-79c2-42e4-9ae1-a991524f93ff,56,Male,Health,36774.19,21,1,4558.93,26964.3,Medium,0
73557b9d-0fd6-447e-b52d-4af2269ed4c9,18,Other,Property,113967.96,11,0,3639.39,21447.81,Low,0
d65e59dd-e62d-4d06-8f9b-85581a7f195b,78,Female,Property,83093.21,25,5,4585.36,41859.53,High,1
15969802-b6dd-4257-bb7d-9f1c57eb89b1,54,Male,Property,44098.96,15,1,4595.38,4190.88,Low,0
0a0537f0-2c2c-422b-a568-95c6812a1f9b,56,Other,Property,66404.9,0,5,3846.41,355.7,High,0
fdb1429e-7010-4d13-b526-b22d3f6c21f7,51,Male,Health,87505.38,6,5,4119.29,20442.25,High,1
9c1c3517-85d2-40a6-8629-5b5d707df251,24,Male,Property,137283.67,8,2,4347.4,21178.08,Low,0
eafde7d9-5f73-4a3e-9d28-6aa428a39779,41,Other,Life,198523.76,12,1,2359.53,39189.42,Low,0
c6435300-68a5-4c68-a32d-bb5e486bb6bf,48,Male,Life,120636.89,15,2,4948.29,28882.56,Medium,0
0d67d38e-990f-4c5b-adcc-3daf569f3ab3,67,Other,Property,152440.84,27,5,1035.89,11488.57,Medium,0
55ab946d-a5b5-4dc2-a181-c85eca0ac6ac,68,Other,Auto,38050.15,16,3,4037.37,40042.69,High,1
8ed6ad5e-1831-4aa3-9466-9d1910df9974,57,Other,Health,48932.84,30,5,523.81,4554.43,High,0
4082cbb9-48bd-4b3e-a2f5-df2badaa44ca,27,Female,Property,35865.32,8,1,2168.76,30451.44,Medium,0
f6e39356-a814-4562-9a00-3f16b9469bcf,64,Female,Property,130513.81,16,2,3702.23,29873.63,Medium,0
267eddce-df8f-4197-9a4a-99b2e806133c,78,Male,Property,99014.97,6,5,4688.41,25907.66,High,1
a9e27ba9-952e-4abb-94dd-5061555736f8,30,Male,Auto,130734.2,21,0,2118.83,32750.96,Low,0
4f6b58c8-598d-4aec-aaaf-e5432434a678,80,Male,Health,199427.09,24,3,2089.07,19757.16,Low,0
a981b098-b2cf-452d-a7f3-33b3f7baf55e,55,Male,Health,152646.6,2,0,2973.17,36306.94,Low,0
b576255e-9854-4f22-a102-f9c964575bc4,53,Other,Life,82545.52,26,2,1518.33,48152.86,High,1
8f158449-4f40-422f-95b0-2530f020e992,47,Female,Health,66999.35,13,4,979.09,3619.3,Medium,0
54170a17-caaa-4bbe-a4bb-f962606e0e1c,36,Female,Health,164529.6,30,2,4442.51,40657.37,Medium,1
b3ecb951-ab8c-4f97-a0b7-1785d02ce0c1,54,Female,Property,193889.98,18,3,3964.85,37873.66,Medium,1
ff4625af-bd20-463b-b275-b5f3d436a7a8,79,Female,Property,181374.29,27,0,2668.87,12890.99,Low,0
17ec889c-86c1-46cb-a996-30f7af77520e,42,Other,Auto,141844.34,7,2,2355.92,17654.81,Low,0
822c4d32-6c64-4c15-aba3-01cba561e1e9,52,Male,Life,64686.37,2,3,3531.64,41053.73,High,1
4f11d8dc-5cd3-4369-84aa-c1b75ca0c428,22,Other,Auto,105779.98,11,1,4524.42,13453.79,Low,0
577bc55a-36d5-4494-b37f-d50d2e25b5ee,78,Other,Auto,109819.88,6,1,3809.43,43637.12,Medium,1
31274148-7c7c-404e-8422-d03ef29a6339,31,Male,Auto,170289.29,26,4,2102.12,38946.92,Medium,1
27aa7cbc-2337-4bbc-bffe-77c839feb99c,25,Male,Property,130488.86,24,4,4810.97,42400.53,High,1
c9c23e69-d82c-4565-8bb9-07ec13c11754,41,Other,Life,108621.27,28,4,4409.46,24540.27,High,0
8a2e6a93-c558-4bb2-81f7-f3fb19e45c6a,66,Other,Life,91618.31,24,4,1077.11,26286.77,High,1
86cac6f4-e238-4e93-bd17-c5e8d5ca69ab,45,Female,Health,110445.54,12,5,3991.57,22859.8,High,1
e05b46c5-5636-4094-a974-31db09a9d1c1,25,Other,Property,76817.23,0,0,3533.46,18971.4,Low,0
98e52499-218c-4e1c-9e37-4f7ac42cbc39,24,Female,Life,130300.06,8,1,2968.54,11856.96,Low,0
2e4bebc4-2989-4880-a77d-1be96070b6a1,48,Other,Life,85866.35,15,3,1447.4,35035.63,High,0
9feefdff-c566-4a81-b15e-54f6d4d30795,41,Female,Property,70333.32,5,4,1090.13,28794.64,High,0
b89f72f3-2a60-4652-a714-7668cf1d7d3a,32,Male,Life,164735.76,17,3,4353.39,9803.16,Low,0
5d42b9e9-692e-47b6-8b2f-6d5c700b5d5f,69,Other,Auto,105137.66,0,1,2396.84,6723.58,Low,0
f836f571-3cce-476c-b836-c448ad261ec5,75,Other,Life,161359.93,9,2,3029.62,28391.73,Low,0
c09cb506-48f1-496d-9c4f-fb4671b701aa,43,Male,Auto,30806.55,26,2,2644.43,31493.11,High,0
3be79df4-72ec-416e-88a7-23e9bfa016c2,46,Other,Life,66758.44,11,4,3008.71,40500.79,High,1
f7315749-4f39-49a8-bd3a-258288b4f474,40,Male,Property,41822.75,27,5,4834.02,9947.91,High,0
e76adca9-7811-4802-88cc-7cfecf01f944,54,Other,Auto,196287.16,9,2,1962.91,25522.23,Low,0
ada58417-5e2a-432d-b1ab-0b56d5c9fdc7,67,Other,Property,180133.84,12,4,1789.36,31585.61,Medium,1
70cafdd8-fc04-4f08-9207-0158f2771f63,27,Male,Life,95926.97,19,4,2321.48,45353.65,High,1
c7332304-4822-4120-84f9-eccd7630a8a7,23,Male,Life,61079.23,10,5,1811.1,13373.62,High,0
6b2d5b09-8707-4ad4-80be-7e3561c2645a,59,Female,Life,179784.53,24,2,3865.53,26046.78,Low,0
331f63fb-d11f-48c0-a97c-a4fff75d599f,46,Female,Auto,53099.52,0,1,3774.98,33101.13,Medium,0
df7d0dd7-236e-4608-9acb-394acd1f5318,78,Other,Health,57902.87,12,0,929.99,46839.68,Medium,1
7b07fd31-a424-4f23-8d5b-a7cd400035f0,48,Other,Health,24745.68,12,4,3942.48,4162.56,High,0
ef2ddcc4-8df6-41da-9f07-c1a5dfc620ce,34,Other,Auto,35176.03,29,3,1892.17,12369.83,High,0
8412a335-d88c-456d-b61e-5fdb1a435206,36,Female,Auto,43629.88,26,1,628.57,33177.46,Medium,0
1578d709-48f9-43d0-9fea-e1e0d9e604b3,73,Female,Property,104094.83,27,4,4706.86,27427.26,High,1
73069588-45d5-468d-a90a-3abbc35b9fea,26,Other,Auto,126349.57,14,5,3870.1,43864.69,High,1
d4bf7a4b-25b8-442f-836b-15c7e7c225da,45,Other,Life,183606.17,15,4,1522.08,4477.7,Low,0
e916da57-f248-43ab-977a-8a5f6ffe33b3,37,Female,Property,66765.27,9,0,500.42,40768.99,Medium,0
e27718c5-737d-4fb6-9113-76e038d77b9a,72,Male,Life,71617.2,17,0,3594.96,24596.58,Low,0
6a36af18-06d3-4b93-ae33-688d597e6845,66,Female,Life,21643.87,13,2,3186.52,39838.37,High,1
5fbbf0b1-8083-49c8-a57e-01c90da23e5c,53,Female,Auto,94112.46,17,3,2276.38,8163.47,Medium,0
14e4180c-fe99-46a3-a2db-c8503c5bf3a7,65,Other,Property,169116.83,7,2,856.44,31266.15,Low,0
519554e3-0737-4c86-b97b-5f515ffa46ef,51,Other,Life,71241.83,23,4,4139.64,20645.19,High,0
b6f6dbf1-d6d4-41cc-995d-82f8ee4a9b5d,72,Male,Auto,44592.33,3,5,2549.04,22638.36,High,1
25637cc3-ca97-4bf5-95d5-96afa663d2cd,62,Other,Property,53802.1,0,1,723.34,26748.54,Medium,0
eada79a3-4970-4d9a-89ce-3cfb2339ba19,29,Male,Life,68455.12,22,3,3771.98,11640.52,Medium,0
d4c3a832-b231-460b-b8f2-ce6bd46b415d,27,Male,Property,59093.86,13,2,4035.76,24919.79,Medium,0
781799ff-b49e-44cc-8243-69e72387eaf6,41,Female,Health,79444.76,26,1,752.17,38782.65,Medium,0
e7e646c7-0158-4463-9d87-76a072d78bdd,22,Other,Property,52688.67,28,2,4177.63,41412.6,High,1
3735262d-4184-4b03-84dd-7054144823f7,25,Other,Auto,89263.62,14,1,3819.29,1675.51,Low,0
f0b2a5d1-8c7e-4f42-a646-eaf9d5c0244d,47,Other,Health,113805.04,6,3,2251.05,48060.69,High,1
6c5a6c93-871c-4884-9bdf-90f2ba2c0f19,77,Female,Auto,133249.57,1,5,4718.39,26046.31,High,1
3cd5fd7f-49c1-4669-86b3-3fe61c76bdf6,34,Female,Life,55770.25,28,0,4386.46,10889.41,Low,0
3d0a5f0c-0c39-4ec7-9f31-74054d183eba,25,Male,Property,78412.43,5,2,3131.14,19790.42,Medium,0
9f708368-cb3c-48ca-a392-57316b79afcc,33,Male,Health,124593.86,22,3,3597.83,7749.6,Medium,0
d6312a80-1c61-4ec2-9014-2131750565f5,67,Male,Auto,48385.72,2,5,3283.9,46542.44,High,1
893ad232-98c3-43ca-bff4-cec6e7b7b4c6,66,Other,Health,30759.52,20,1,3655.98,39573.31,High,1
93364f7e-83ef-49f3-a1c7-cc8a04351b64,26,Female,Auto,77013.12,17,5,3905.14,40276.27,High,1
4a90cd0c-24c1-43b9-b7f2-85723defa849,46,Other,Auto,23843.51,12,2,3759.8,12534.81,Medium,0
5a5226e6-9d64-4932-8066-853d6de299a1,20,Female,Property,120624.46,17,5,2705.41,28335.09,High,1
2ff3cde4-6aa4-4c9f-9217-04753d959e3f,52,Female,Life,151832.43,8,4,4615.13,27726.02,High,1
8603156a-15ea-4bcf-ab10-21ceaa143cd8,22,Other,Auto,100889.16,26,2,2937.23,22703.95,Medium,0
f4124360-1153-4e99-9c50-8720f982f4e0,67,Other,Property,152058.39,28,0,3288.81,18203.76,Low,0
c9525185-81e0-4a5e-8b48-f49686abd4e7,57,Male,Life,149780.64,21,4,4185.72,9493.47,Medium,0
0534a101-8ddc-4719-81f3-8dd4fd034ada,61,Female,Auto,130347.06,10,3,3384.07,5523.21,Low,0
0b251279-785a-45d0-9f92-a62163f4c69d,51,Other,Health,27879.91,30,1,1303.87,1563.69,Low,0
5f90bed6-fb25-464d-a30a-a767a2bb522b,24,Female,Auto,37775.65,18,5,4263.35,32896.06,High,1
5b6a8102-0428-4378-bf50-23f440ef3935,51,Other,Life,28835.41,7,4,3730.3,654.31,High,0
3dba6da8-5844-49fc-914b-9547c9dc72b8,76,Male,Property,187112.67,26,0,2606.27,31945.84,Low,0
1a89b71e-a0d5-42c8-a837-fe68bba205ca,41,Other,Property,167964.77,25,5,762.35,30846.67,High,1
c1b5b5ca-bc35-46df-94f7-9dbac5811d2d,51,Male,Health,170202.17,2,1,4822.64,4855.96,Low,0
5a304528-0b59-4562-a227-219f551ff086,64,Male,Property,54102.87,16,5,1619.43,31266.25,High,1
a48e40f1-d042-4dfa-96ab-087a8bc78e81,29,Other,Property,154299.51,24,5,3094.54,33724.63,High,1
af475b49-c775-4395-9494-05f02cd2a404,62,Other,Property,178908.32,5,1,2974.84,25234.64,Low,0
7a8104de-b205-47bb-bb16-f75776f186ab,60,Male,Property,188033.59,28,2,2975.37,49842.52,Medium,1
2285b2ef-cfbe-4fe9-aea9-c542a1b970d0,72,Female,Property,157553.19,13,5,1955.53,12036.13,Medium,0
f1901b7e-c6b4-49ef-b74e-ba9310275b53,52,Male,Property,157827.48,29,5,1643.4,48082.59,High,1
339b77a8-4b1f-4d7b-8977-c513752a7d25,46,Female,Health,150736.39,9,4,573.36,6754.29,Low,0
e2c328aa-3310-4475-8a86-22250b36e356,74,Female,Health,74060.11,7,1,4350.74,1085.07,Low,0
4f612217-eef1-4694-90ca-e32d0aba590e,70,Other,Life,185440.17,16,4,3068.01,28580.59,Medium,1
d0be73ee-fd37-4539-a5f2-02f983f02dc7,24,Male,Property,84018.04,4,2,2151.87,29107.79,Medium,0
095ffa81-40d9-4bce-b930-ba208b040f49,32,Female,Life,36542.92,12,4,4630.47,36713.3,High,1
493e904d-30ec-4796-a59b-457fc0d7ac73,64,Female,Property,51122.45,26,5,3662.82,40975.76,High,1
0c3ce284-c7e5-4bbb-9cb5-1c535b62a8df,24,Other,Life,26726.89,25,4,2216.96,39006.1,High,1
45f18619-54f9-4429-a7de-02ccdda4f4a7,76,Female,Life,178362.65,13,3,4686.11,6027.03,Low,0
6fdc0bad-5e36-4127-8ca1-b45c1fdd980a,67,Male,Health,134099.68,20,3,743.58,26219.17,Medium,0
7092947d-be49-49ec-a667-d3bbe3b56360,38,Other,Auto,78829.69,22,1,1189.39,33681.76,Medium,0
56cb1ab0-62fb-46d7-b4db-ca07e506f670,43,Female,Health,59975.41,9,3,1166.06,16808.41,High,0
b12b6680-7f07-4cb9-afd3-40c0f945f2fd,48,Other,Health,118667.43,8,0,2293.37,21724.56,Low,0
cc1b4157-ec9f-4c54-9e0a-72ab7f5db163,62,Male,Auto,106566.05,6,3,2278.93,28566.53,Medium,0
15260718-cd18-4a82-8447-ceab84ef4324,53,Other,Auto,63616.72,8,3,1955.35,46206.9,High,1
6e3c4532-1434-4f62-acac-028cba220065,23,Male,Property,96237.31,11,1,1943.32,29693.86,Medium,0
2e326567-d284-454e-bebe-c0db9a3a6103,19,Female,Auto,197777.35,19,3,3304.32,22023.17,Low,0
1a43db54-523a-4993-8b34-46bc8ba435cc,77,Male,Auto,143364.66,4,5,4337.44,5618.59,Medium,0
4baf0f5e-a932-4094-93f2-8f11147f6570,21,Male,Auto,176375.42,26,2,561.8,34689.76,Low,0
b7b8c1a5-9a45-493d-b227-890e4e76833a,25,Female,Property,104814.25,10,1,3830.06,10593.77,Low,0
71a3fad2-b094-4d2a-aaa9-3b436d15f16f,52,Other,Life,118784.01,19,5,4965.36,34753.56,High,1
ba108217-0ad7-49a2-b277-16ec59fefbbc,60,Male,Property,124940.89,21,4,695.67,8515.98,Medium,0
9d66e815-5a41-43b3-a95f-176cdebac186,36,Male,Life,29555.34,20,0,799.69,33018.64,Medium,0
a3b442bd-4649-4296-af58-42c3ff86cc31,60,Other,Life,175570.81,0,2,4403.35,32470.56,Low,1
0eaf04b5-f2a9-4c8a-8a9e-4a62fae3114b,32,Female,Health,182696.97,15,4,2892.02,9320.87,Low,0
67fd64c4-a334-458a-abd2-b5121335e5db,50,Female,Health,27155.43,29,4,1872.17,24496.64,High,0
bff9507d-cd14-403e-8359-9af65d01f55f,65,Male,Health,82420.38,11,2,3313.54,11810.24,Low,0
07f8d4f0-f3ea-4184-a8f4-e3ceadedda80,80,Other,Life,166140.71,20,2,4454.05,44520.1,Medium,1
ad973b67-9b89-45cb-9942-644c248d31ec,70,Male,Life,60604.89,10,3,3456.19,4389.75,Medium,0
20509c62-08e8-45d7-b02c-1821c8040fb7,42,Other,Auto,95120.0,18,1,2419.09,15619.14,Low,0
a52964ff-c74c-4890-bc6a-3174113634a5,56,Female,Property,117602.08,6,5,1123.59,27067.69,High,0
f31046dc-6202-4ee6-9cb5-e69c5dc7b3e6,69,Male,Auto,75619.71,22,4,4593.03,21503.21,High,1
2747b93c-9ae7-4eab-884a-67809136f1f8,76,Male,Auto,77149.32,17,4,4768.71,5919.36,High,0
5ef787b8-f2e6-495f-b32e-2016add702c9,38,Male,Health,157778.3,28,3,4825.38,15167.41,Low,0
13aec376-c359-410a-b1a6-014c5f3c44dc,65,Other,Life,47352.27,6,0,1091.96,1309.91,Low,0
5df06e8c-878a-4ed9-a33f-fc8292ec89af,57,Other,Life,129008.81,19,1,3183.62,11545.62,Low,0
4758367b-a649-4cdc-907b-907265e58f34,19,Female,Health,143865.43,15,1,2760.46,30235.59,Low,0
06a241af-1d0a-47f7-b5e4-a4713fe68c9c,63,Other,Life,53115.77,12,3,2632.31,8189.32,Medium,0
848af440-7fc1-4858-afa0-d842bc55300b,32,Male,Property,157616.99,0,2,4775.89,11127.71,Low,0
1e2595b8-8fc9-486b-a9dd-ebf563119aca,60,Male,Auto,31904.54,29,3,4402.08,24497.14,High,0
b43bd27f-42a2-49a6-8664-12854303cbc1,38,Female,Auto,96960.02,24,0,3235.68,41216.43,Medium,0
9ca3fbb3-ff11-48ba-b6ee-1640723ef466,64,Female,Property,130070.88,23,4,3172.13,26261.53,High,1
ffa623d0-ea9e-4c8d-b1a8-b71f491b90e9,74,Other,Health,113716.84,14,3,4221.55,2120.8,Low,0
22bf18f5-1f65-4a87-b33e-e3447dbf4bc1,33,Other,Property,197089.52,1,4,2243.29,38257.99,Medium,1
2c33350c-73b9-41d8-92f5-131ada52d2ee,79,Male,Auto,72412.29,12,2,3981.55,14295.73,Medium,0
ff4c96d6-71f2-4e8f-b69f-68c3e60fd420,28,Female,Life,130364.17,1,5,2826.36,7111.98,Medium,0
f7b217c7-ae92-4a71-8f7d-cb431679742f,71,Other,Property,36279.35,16,0,1308.97,29272.39,Medium,0
aaf78c67-51d0-4109-bc90-2838d8741408,75,Other,Auto,90752.01,10,3,612.1,22684.04,Medium,0
8ccc9cea-109f-48ee-b5a4-720058f0dd23,75,Other,Auto,178858.72,2,2,1958.34,32428.82,Low,0
4cc9f5f2-e42e-4037-8a55-2ea08acbbe09,63,Male,Health,36414.42,22,3,3353.33,4265.33,Medium,0
b5a5f8e6-b639-4f04-a852-4385d9f2dd0d,63,Female,Auto,88162.15,12,0,3957.17,45612.64,Medium,0
2c913a7c-a340-4f08-b341-91b8ed6522b4,54,Other,Auto,49182.34,4,1,3961.21,2565.52,Low,0
3967e60a-823d-4107-9c8a-c066cb2fafa3,37,Female,Property,71980.5,5,0,4543.44,48021.69,Medium,0
cac4d0eb-3373-430e-bc31-a5971f119c0f,18,Other,Life,22197.4,15,3,2945.76,287.53,Medium,0
7e7838c9-ca55-438b-bc9a-be10238d6f44,74,Female,Auto,59037.29,21,3,2541.82,22093.77,High,0
9280c5aa-8dd4-495b-9c63-b6f306ba8cd3,56,Other,Health,64048.37,17,2,3288.95,27877.43,Medium,0
fba6abf7-cdbc-4653-b7a7-e8b75e70f65f,70,Male,Health,53271.2,1,5,2070.59,7268.72,High,0
e25df9a8-9ca8-45c4-a138-afe08d38bbd8,20,Other,Life,79600.0,2,0,989.99,49686.76,Medium,0
65edcfe3-4f2d-4d3f-90d4-de39161237c9,28,Other,Life,129996.16,22,5,3177.36,39365.38,High,1
7a89cbeb-b807-478a-b788-f5d1ffe575f6,29,Female,Life,187666.37,2,2,1952.7,44876.49,Medium,0
68d0a2a8-c4e7-47dd-a929-de738693fd9d,70,Male,Property,171795.73,2,2,2618.68,6101.16,Low,0
20156a72-12e1-43a6-932c-ae01d2c65ee4,73,Female,Life,114869.49,16,1,3631.23,30602.69,Medium,0
12fc7a87-a470-4d48-9128-b9b1f8ede0ca,24,Other,Health,107059.34,22,4,4702.51,49313.92,High,1
8471b4b0-ae1b-4f69-b740-d83173318749,36,Female,Life,66738.81,18,4,2092.34,6485.66,High,0
d43cdd6d-e0c1-4f1e-a0da-897258321ee4,54,Female,Property,108650.8,5,4,1547.25,14524.4,Medium,0
96792482-a3c9-48e4-8d22-38e6c7bf4fbc,30,Male,Health,24317.62,20,0,3818.61,10366.54,Low,0
21084dd9-f75d-4e3c-848d-56502e9522d6,57,Female,Property,28188.59,11,4,4127.2,10616.9,High,0
de431e06-e924-4069-80bb-ae526ec01269,58,Male,Life,65795.15,2,2,1851.28,27499.68,Medium,0
84a2576c-1fc9-45f8-94d6-07350e2f8958,67,Male,Health,143450.44,10,3,3759.78,30799.67,Medium,1
2976aab2-2a26-4770-8ddb-1b36272c0588,19,Male,Auto,79492.67,10,5,2655.99,23725.02,High,0
39b86bb2-b596-4a7c-af4a-fa885299e505,20,Other,Auto,106669.19,20,3,4514.26,26848.38,Medium,0
84d67c4f-f0df-4684-b28e-41225894f7f1,39,Female,Property,187002.2,1,4,1847.05,36248.21,Medium,1
143029a9-d88f-4c94-88b7-63d5e519dd7e,38,Other,Health,57487.24,21,2,4097.91,44401.47,High,1
f4d375c1-a293-49fa-b240-d7a14027ab7d,40,Male,Auto,70482.81,0,2,4926.28,31325.54,High,0
a0017720-200b-4903-8642-6c458d03f17a,71,Male,Property,53728.2,3,2,3673.7,15724.97,Medium,0
17eaec83-8892-442f-9d4b-2bf94d85e9c7,20,Female,Property,35623.6,28,1,2172.13,41472.87,High,0
9780c215-2b2b-48e9-a417-c09380a8a23d,37,Male,Life,51502.29,11,0,4000.06,45667.69,Medium,0
2bd3cdcd-2779-4685-94a5-3fdef10d27c8,46,Other,Health,163824.55,28,4,1193.35,17005.8,Medium,0
e6e987ca-b87b-4384-9fdd-de2ea8a2b7ad,48,Other,Life,159595.98,4,0,4199.62,46901.19,Low,0
ec86a890-d7b0-4bdc-966e-3cbe9aea622f,61,Male,Auto,150422.71,14,3,3711.55,26117.24,Medium,0
dd20c3bf-d342-4f08-8a8b-b5b490494583,18,Female,Health,143669.42,19,0,1999.8,44459.29,Low,0
f2d3f761-0ba3-4279-94cb-056407437c3b,24,Other,Life,24046.45,24,2,3374.83,10492.28,Medium,0
43c07d43-93a7-4792-8561-b8dca4364fcd,30,Male,Life,69796.92,10,3,3520.06,13632.71,Medium,0
92779574-c457-4cc3-b5f7-89bca6b07458,28,Female,Health,22746.21,19,4,2813.27,10328.87,High,0
07c0d116-a394-4d54-9e3c-5a886aa56e6d,40,Other,Life,68789.38,30,5,4118.01,28704.15,High,1
8baaf744-a08d-421b-a395-4cb17f7f6c0a,28,Male,Life,130387.32,10,4,2496.41,6503.7,Medium,0
4d560a3d-f4e7-469a-a454-09374a27ebf2,48,Other,Health,39066.85,1,0,2419.1,8949.15,Low,0
ceae71cf-ce00-4af0-beb0-51817ba24588,56,Other,Property,130936.76,9,2,4178.49,35644.93,Medium,0
741b77f5-4c24-4053-a7f5-ae02af5b8f47,60,Other,Health,195262.74,24,3,3055.05,4645.81,Low,0
2877f5d9-0f56-45f8-b048-faa112ae5c22,69,Other,Property,37507.34,9,5,3399.88,38324.67,High,1
76e5ae78-7bf7-41d3-aa66-2fce7089fc6d,48,Male,Auto,45869.9,28,4,1661.24,18172.47,High,0
24c778a5-9b4e-464b-9716-dc2e343ada2a,29,Other,Life,161980.17,28,2,2539.77,1513.21,Low,0
51beb80e-b7e6-414c-9c8a-49225005680f,48,Male,Life,106157.38,27,1,1770.16,17430.77,Low,0
586a346a-dc5b-47d1-bcef-1972bbf483ce,54,Male,Health,93023.48,22,0,1966.41,32472.57,Low,0
c2baf0e0-2179-43f0-a612-4ab4f9b21e6e,68,Female,Property,92146.97,13,1,3293.94,27397.45,Medium,0
1b2ededb-8fc8-4fc0-83d5-bceb5edbb8ee,80,Female,Property,31890.79,6,5,3159.37,39215.7,High,1
1f5d988f-776a-4f09-bde2-885951b1943c,45,Other,Life,118014.84,7,1,3481.76,3894.72,Low,0
24108e9a-3f77-4cae-b318-b96d44790612,77,Other,Property,40578.11,19,3,1964.2,4882.7,Medium,0
f204be89-4a4b-4563-8cf4-77ef18c8a616,46,Male,Life,192059.02,2,4,989.35,40703.34,Medium,1
6b0ae0e3-9d89-4047-9d39-d7936257a4a2,67,Female,Life,108973.13,21,0,907.4,40851.68,Medium,0
e6fdd7af-dd84-4acc-b672-94643f8ea40a,74,Other,Health,156273.99,21,1,2538.38,14575.16,Low,0
ef0a573d-53d2-456d-9040-158728e213bc,57,Other,Property,55219.99,21,2,1848.81,39717.33,High,1
3098f7b2-500e-45c0-b89b-df7f93e34c35,61,Female,Property,149202.42,29,2,4956.3,29136.35,Medium,0
fef7d9ea-7f8e-4483-a8ca-aa1dc35bec2c,57,Other,Property,172574.61,27,2,780.85,45053.78,Medium,1
e10b1a47-7fae-4748-b781-321e83c501cb,79,Male,Health,146603.74,26,2,993.64,14110.46,Low,0
170d7507-05ee-41d4-bf53-a88e4efc8248,19,Male,Property,146399.94,12,5,1931.57,19139.48,Medium,0
750d112e-8164-4eec-a4ab-851bf1fac6e7,42,Female,Auto,139247.76,15,1,1347.02,19229.75,Low,0
95560a2d-3713-4466-bda0-6476f778c676,77,Female,Property,47768.11,27,5,1064.97,580.14,High,0
4806f804-0cf0-474c-8c74-dc0f5a575539,59,Male,Auto,149841.06,15,5,2465.31,49510.88,High,1
d7c4fe9c-e1e0-4ffc-98f6-fd7f7eb162f1,23,Male,Property,174827.5,28,5,3219.93,21285.21,Medium,0
4926ce5f-7878-4140-ac2a-4f71a77d95f1,29,Female,Property,119369.01,14,3,2098.88,9289.55,Low,0
1b84edc3-d8e0-49de-8217-ea0e896490ab,56,Male,Property,172424.7,7,5,2757.78,20541.89,Medium,0
43b47ee5-e1e8-4e7e-a249-8f666e51484d,52,Other,Life,26023.14,1,4,2674.71,18428.93,High,0
673ba8bd-c38c-4dec-9da3-9a73ba3df7ff,55,Female,Health,45575.75,23,4,4926.11,49183.42,High,1
0d18ab95-668c-4477-8b95-017c5dae1201,67,Female,Property,113050.92,16,4,898.01,23622.58,Medium,0
5cce5ba9-31d4-4e09-8fd3-3afc91fdfa4f,65,Other,Health,143133.32,17,4,1906.25,2638.71,Medium,0
62e7c1a6-12d2-4a06-89e1-cd138da00495,39,Other,Health,104396.39,16,3,3082.84,16575.7,Medium,0
8cc36f3b-c3af-4cfe-b34a-6ca38116e3fc,40,Female,Life,50151.47,22,4,3872.41,36348.59,High,1
9f8cc29f-fd35-4c5f-9347-9a3b479bc637,54,Female,Health,133274.01,18,1,3077.87,32815.99,Low,0
20f0156a-1e6a-4628-9c6d-52d5ae2e9af9,36,Other,Health,71626.82,2,1,2775.18,42572.26,Medium,0
5f89ed12-64d6-4fbf-98c0-1e2bf99f0704,35,Female,Auto,130843.6,8,2,563.91,5577.47,Low,0
8ece1128-56ce-4b42-bc9e-1dcbcb7e6268,29,Other,Auto,138648.02,11,1,1675.64,35038.74,Low,0
24eeb4a6-c145-45c7-9d98-6115f05eeefe,49,Male,Health,81712.64,2,1,3179.95,41086.19,Medium,0
66c14dca-8255-4a61-9a3b-031932f57510,71,Female,Property,158666.2,7,5,2480.83,31878.73,High,1
09f64405-0b99-4034-8a4e-255280051b10,31,Other,Life,29778.64,8,0,736.35,23200.75,Medium,0
cdd0b4d4-5542-47de-b6ad-f48b2314d0c8,48,Female,Property,154307.1,24,4,1551.48,34175.5,Medium,1
2620f9a9-74fd-43d1-84f2-fd0f79474bfa,42,Female,Life,46126.97,27,3,553.38,46361.13,High,1
23c8afdb-83f8-4f16-a4a4-474c9b33e3a4,46,Female,Life,193117.29,21,0,938.14,26564.67,Low,0
518b2f21-9cf2-4859-ae6e-2e7253f591dc,40,Female,Life,80294.13,8,0,1649.05,29208.84,Low,0
9dd2f9de-fd98-4e33-a498-abe92999bbef,47,Other,Auto,152176.42,18,1,2839.79,33885.91,Low,0
97fe56c5-4c9a-4f24-97b4-c294bd44089d,29,Female,Health,141104.33,26,0,553.83,4884.94,Low,0
827c9f8c-d40a-45e9-81df-6517561c9210,24,Other,Property,83272.96,23,2,1633.53,1702.09,Low,0
901bcdef-b56f-48ce-bd66-971e88476c56,57,Male,Health,188930.98,21,1,4777.2,31904.14,Low,0
044251db-d0d4-4a67-b992-8faa4cbf131d,63,Male,Health,174159.35,4,3,3453.78,44994.86,Medium,1
1c0f0bdc-ac7e-437c-94cc-1e2a5e4cb287,54,Male,Health,145217.65,8,2,2601.3,46809.1,Medium,1
4ec3f970-956d-40e4-aaa2-6216fada98f5,58,Female,Life,158484.64,22,5,3964.46,16170.21,Medium,0
df41e335-b9ae-48e4-a615-99c8cbf81f86,28,Male,Life,159879.07,12,3,1996.95,3002.93,Low,0
98cf1188-06d2-4913-a117-3719b023a0ea,79,Female,Auto,99303.47,15,1,3246.36,8922.11,Low,0
a7d4cf50-f791-41e5-83f9-cd6b797ebe87,49,Male,Auto,117313.79,13,1,3262.85,5312.49,Low,0
9416e4dc-c6b2-4def-b8d8-b7f1c86c6544,46,Other,Life,38591.68,2,0,3071.05,12529.82,Low,0
0d259caa-b8ad-4d87-ba40-45dd93dfd907,46,Male,Property,46793.77,20,0,4698.02,33230.29,Medium,0
86341718-2ba6-4db3-bafe-b1149561c813,35,Male,Life,182831.16,18,0,2819.22,46995.55,Low,0
c64c9647-9ea7-417c-b89f-7039a107cc46,49,Female,Property,92704.3,23,0,2930.58,165.37,Low,0
d25864f2-25d4-40fc-a154-2765d756ba9c,79,Other,Property,41816.66,17,2,2000.48,15141.4,Medium,0
9293f705-0815-4147-be00-980eae441e21,21,Other,Health,85763.97,27,2,862.06,22981.97,Medium,0
30d73df7-1c22-4cea-b355-56a5f2bd92f2,67,Female,Auto,51791.29,1,3,3473.3,14943.52,High,0
6b352f85-504e-4687-b0e7-e75604d9145e,42,Male,Life,107570.64,28,5,2470.93,9473.22,High,0
34323ec6-b0c4-401c-a9b7-c0fa26c432f6,20,Male,Health,149553.03,18,1,2701.55,3149.63,Low,0
9c89d374-c664-45a7-8077-3e33690e7e62,52,Other,Life,109943.15,30,3,4849.58,820.91,Low,0
d92f3c1e-df70-4b2a-b8bb-22a5eba742d2,39,Male,Life,161800.14,1,3,1031.84,40355.19,Medium,1
b4adaf89-0ff1-4a9f-ba37-0623bc5fd4dd,60,Other,Property,189216.16,27,4,1170.29,28967.29,Medium,1
8f964685-3514-4890-84c8-6c4623595fa4,77,Male,Health,152382.75,15,5,585.78,45358.94,High,1
7a768555-a987-4218-bf84-faef5336723b,57,Male,Auto,146233.43,4,0,1275.12,2497.9,Low,0
f4e95734-5052-4700-a077-96a38685abaa,37,Male,Property,130020.66,26,4,787.81,40873.52,High,1
887b03e5-e980-4808-b5ac-824c2c55aef7,25,Female,Auto,31359.82,6,3,2018.04,41794.8,High,1
ad05b912-5ab2-4d4a-8bd8-8fcd57a2be4e,65,Other,Property,78362.29,21,4,2956.48,16079.49,High,0
ae455cc6-b88e-430f-9e1e-994ac5a11f5c,79,Male,Health,126755.35,10,0,1043.35,7061.84,Low,0
43ad3d62-b17c-4b21-8dbc-2c1ca4afe7bd,44,Male,Life,119613.39,14,1,4665.54,2034.94,Low,0
f5141058-3138-4975-bbf3-3a349c2dfa97,24,Other,Property,159979.09,0,3,863.25,361.2,Low,0
4c6a70f4-8ede-444d-876c-f68c3f1be0d0,77,Male,Life,94920.0,25,3,3615.61,10308.01,Medium,0
fb756923-f910-4bb3-b105-32523990e2c9,58,Female,Property,94165.64,30,1,3247.42,1881.06,Low,0
b4746349-49fc-4cd8-856b-ad4c4c3077c4,29,Other,Property,130168.97,2,5,4219.18,15059.99,High,0
7d2f4e58-b47a-4c5b-b0b3-901535102852,44,Male,Auto,54542.52,16,0,3285.14,43136.55,Medium,0
8f7c1d59-594b-4a3a-bad4-65a15129950d,52,Other,Auto,103558.88,20,5,1436.49,2653.45,Medium,0
b8beff3d-cb9f-4f6d-af3a-6f27ef06fccb,25,Male,Property,109552.67,5,5,4652.03,2701.38,Medium,0
92cf6021-1f33-442d-89ac-908746015028,41,Female,Auto,98240.9,10,4,4123.19,37920.4,High,1
e5508ea2-6133-434d-8b0e-8eb1ad371d9e,20,Male,Health,186475.04,5,1,4034.71,24253.07,Low,0
585abefb-d181-4f77-a500-1423faebcd19,25,Male,Auto,149852.55,18,4,1966.88,9937.57,Medium,0
257f7595-cdfb-4db9-85e7-8b23f4613f09,61,Female,Auto,160215.55,10,1,941.29,36887.39,Low,0
f48f709c-49a2-4441-8ac4-de854a5b1aff,73,Male,Property,180445.73,2,3,3132.92,2716.97,Low,0
ec8be537-58ab-4778-943b-45e3b6d1f6bb,45,Male,Auto,187019.68,14,1,2242.99,6820.23,Low,0
bf519362-41a6-4fed-a7ed-c8d8713f8f8c,64,Male,Life,195600.06,6,2,1072.45,34610.53,Low,0
d3f4a49b-33ba-4a88-b6c7-d6fa7aa4f052,21,Female,Auto,39999.67,14,3,2382.01,38016.98,High,0
8fe069b6-eeda-4802-8568-f42689e03e22,32,Female,Auto,162118.45,20,4,4575.1,28906.07,Medium,1
1bf645f6-2324-4211-8588-fc1bb2384849,53,Male,Health,94105.31,16,3,4379.9,10822.13,Medium,0
3d4196fe-963a-4617-bdab-07e79d9d028e,48,Female,Life,22610.69,13,5,4426.69,12391.57,High,0
e7ba26ac-ab7a-4d1c-8cfe-f6833e11bafe,45,Other,Auto,180528.07,18,1,4611.9,44912.59,Low,1
3b9b2d45-a350-45e4-b9c5-9df987f255d6,44,Male,Health,198429.23,23,4,651.29,26556.09,Medium,0
548e1f6b-69ce-4e4e-99a6-92c90d700ea4,48,Other,Health,101439.45,7,0,3013.19,621.15,Low,0
ae62990c-19bd-4f93-b8ef-7666b7a4c719,64,Female,Auto,43888.16,9,1,3414.38,4536.48,Low,0
f6eab3a0-0153-4221-a331-0a28c550eca8,48,Other,Life,49124.51,14,4,3862.79,1220.67,High,0
286ed390-edd9-4a1a-ba58-5b278ce3e7c3,47,Female,Auto,177355.83,12,1,4054.36,18521.02,Low,0
e1721c83-ef5e-4376-a723-fb72682b163a,47,Other,Health,174868.88,2,3,4520.45,16645.31,Low,0
a689b424-7a3a-40e1-b9c7-73a0e0decc3d,20,Female,Property,155519.84,22,4,2940.96,39723.94,High,1
4988e418-f6c3-4218-8183-6315330f8be1,68,Other,Health,131681.94,10,5,4695.09,25736.82,High,1
0f25477d-a559-40e7-8910-fade52380bf2,76,Other,Life,179836.02,3,3,2145.16,30956.67,Medium,0
a6fd0cb1-16e6-45c0-84cb-294fe86e8e63,41,Female,Auto,136671.08,22,0,3023.41,38678.78,Low,0
bd1a8f4b-88ff-4d40-bb72-c86d92fa675f,26,Female,Auto,117134.09,20,3,3818.21,37613.86,High,1
098c60b3-efc9-409e-99af-6e09b91e3d6e,73,Other,Auto,155571.23,24,1,1942.09,44896.65,Low,1
6afa828c-2cd1-4b9f-abe5-841fe9c96c52,50,Other,Property,69886.16,2,2,2053.52,24311.35,Medium,0
ef158d5b-2d00-4d05-966d-4627e1dace6a,51,Male,Property,147768.55,21,4,4547.53,22598.92,Medium,0
d61169a1-ff46-46bf-894d-916deb6d2fed,41,Other,Health,53903.64,28,3,892.89,19534.13,High,0
2fb21e66-7ed1-4aab-89b7-c9bc65a16fa9,29,Female,Health,39685.69,8,0,3636.87,24816.44,Medium,0
df4e713e-f64e-4dfc-bfbe-ac7aefc59738,73,Male,Health,72770.5,21,4,4692.75,23695.25,High,1
0997623a-e072-4d96-8a1a-81f5ed10f004,44,Female,Health,72473.02,2,0,4423.07,11616.4,Low,0
9a4ffc0c-9165-42ed-8c63-6e95025f5543,78,Other,Life,94104.51,10,5,3407.23,16315.32,High,1
55c551fc-fba5-4cc8-adaf-37661b780ede,55,Other,Property,102441.28,18,1,4542.27,15324.75,Low,0
a42d0cd7-fd35-4f6a-b450-388748d90846,68,Female,Auto,107163.76,9,0,1167.52,14219.1,Low,0
e3a68a70-7e71-4b55-8639-bd418b15bd94,79,Male,Auto,148126.19,9,1,4879.43,41966.58,Low,1
811414f8-d9df-4d0e-a25a-ed6cf0458043,62,Other,Auto,49025.85,3,0,4971.98,28726.26,Medium,0
cf0e6d2b-315c-467a-85d8-a6ad77d0359e,46,Female,Life,53209.38,17,5,656.1,15847.19,High,0
bb2aa146-2999-494c-94a7-b69b1cd66b09,40,Male,Life,100717.24,5,4,1857.02,46021.7,High,1
b7f60cdf-41dc-4c60-a5f6-0735757b6b29,43,Female,Auto,190602.03,29,2,1202.24,48507.51,Low,1
564cfbd2-bc92-4d81-839b-058c2faabe0b,52,Other,Life,136503.91,9,3,4531.9,48480.28,High,1
aca58d95-915a-4c30-8b86-b5a1ca6fbff8,66,Other,Auto,163923.71,23,3,2024.08,5615.78,Low,0
9c678393-2ced-4c0d-b173-04b5c1dd484a,48,Male,Auto,142041.5,3,2,611.58,30876.1,Medium,0
67ce378f-e5a4-483b-a383-889adb2c6ac8,32,Female,Life,36646.6,1,4,3385.91,29171.57,High,1
53f30073-83e9-4ef4-ad7d-f5d0d3b59af7,32,Female,Auto,24058.76,17,3,3546.79,47881.18,High,1
186b2880-ab54-4a15-a69d-01ff1634725b,80,Other,Property,55001.01,10,4,3222.85,47170.11,High,1
7a3a6e96-23ff-43d3-bb4f-b88a2f4dd219,76,Other,Life,91560.44,22,3,2163.33,18641.56,Medium,0
01bf9e73-3f80-4385-af92-40b652d78f10,36,Female,Life,75455.36,14,4,894.19,36392.67,High,1
725d4259-3c4b-4eec-a231-ee7342c2d2eb,46,Other,Property,164663.39,9,1,4125.53,48518.03,Medium,1
546252e7-f43b-4052-8459-bd6ec0f63229,45,Other,Property,45122.18,18,4,887.35,10389.19,High,0
92a81713-b90e-444b-951c-25d54d4c5280,48,Other,Life,31900.84,30,4,3902.51,4422.41,High,0
5c0b9b10-a757-4b10-82f5-25b902ed73ce,44,Other,Life,94612.52,17,3,3696.11,37762.19,High,1
aaf407f7-0fe7-4149-bc7e-5368b1594847,26,Male,Auto,169811.07,9,4,2707.64,41139.96,High,1
28e333b6-4e8a-4c4b-b724-20411e43fbd2,37,Other,Life,108938.09,23,3,1510.34,39560.98,High,1
ec50ace4-80a5-4e65-afa2-855967c96204,27,Female,Life,192084.79,26,5,2626.44,32690.65,Medium,1
c5144d98-b41c-404f-a346-f415e5267a2b,75,Female,Property,52287.02,29,5,3401.54,1422.13,High,0
a38295d3-1e0e-4546-b0b6-dedf4f9c4027,66,Female,Property,198979.93,2,4,3855.05,29053.29,Medium,1
5e175b66-4b87-459f-b0cd-7f05ea87855e,54,Female,Life,133039.29,15,5,4182.26,18660.11,High,1
f5159494-3818-4fd3-b889-936a9d5817e8,64,Other,Health,172150.41,5,4,763.3,15984.06,Medium,0
74797b61-2737-4b52-ba6a-210722319050,74,Other,Auto,84329.38,1,2,2125.24,31812.36,Medium,0
5fa5e0aa-9b11-4530-bd24-7c11bf6b8cdf,79,Female,Health,72174.12,16,5,4713.43,25693.32,High,1
e9ad0e9b-8c9a-41e9-b3b2-63376a74dbb7,67,Other,Auto,157644.09,19,1,2946.71,43622.16,Low,1
cd4f8b2b-899a-4252-81e1-b94a78883058,70,Other,Life,68862.62,22,5,2131.35,26721.02,High,1
c3093b6e-37e9-42e2-935a-c07aaa0217d0,40,Male,Health,44650.9,9,2,4004.64,20599.73,Medium,0
98874bfe-c136-4c65-ae2a-e3413f59e4f2,76,Male,Health,59217.72,16,1,4242.08,39755.34,Medium,0
86879aa9-14f5-43d0-8991-2032df85c777,53,Other,Health,95122.33,29,0,1024.55,6561.61,Low,0
5c9deee0-b42a-4456-8736-5a84725e134d,19,Female,Life,76083.22,11,1,4176.67,44486.32,Medium,0
1cb9b73a-906d-4c8c-aad0-8c8913fe8a29,56,Other,Life,50997.29,9,0,3850.07,5929.84,Low,0
e723ada3-8c32-4db2-942a-895e0fcf601f,26,Other,Auto,143848.49,9,1,1444.28,49055.48,Medium,0
89628f6e-929c-43b3-b3c0-8bf18167999f,45,Other,Health,33992.35,24,3,3908.0,2125.85,Medium,0
dabf984e-53ff-4461-aa1f-1b61265cb9d9,24,Male,Health,104434.82,29,2,694.77,15082.29,Low,0
ae27d432-1dc1-47eb-b11c-767385351a69,18,Male,Health,185617.65,6,4,4555.29,9239.09,Low,0
7d23d479-9549-4a82-b787-ef8d3495311e,40,Male,Health,46200.26,23,2,4769.56,17391.83,Medium,0
720b274b-82a7-4586-a61d-9cde1747f387,28,Other,Auto,110883.66,2,0,4188.14,38162.2,Low,0
21c71aa3-7414-43b5-8e3e-25f2cf0671c7,51,Male,Auto,193567.48,5,4,519.48,36267.47,Medium,1
905c7bdd-74f0-4eae-aa59-43ce836435e3,77,Male,Property,85963.34,18,1,2478.5,47887.39,Medium,1
ac3a812f-765e-4cb5-8f0d-55400ec7d662,29,Female,Property,96336.53,16,1,2334.1,38070.47,Medium,0
0592bfa5-b928-423f-8ee4-334ece920136,38,Male,Property,39856.91,4,3,3930.23,35236.55,High,1
00c59f30-d103-4424-8124-1bb4655ce508,53,Other,Health,34804.63,15,0,2231.52,22847.29,Medium,0
12b2102d-940c-4503-b7c8-6152beed0af9,65,Female,Property,60657.22,13,2,4932.33,21398.08,Medium,0
b34c6c73-5833-4b30-ac77-6e950b981ccd,72,Male,Property,189034.76,11,1,557.54,33707.95,Low,0
0f6ce9bf-fe7e-4362-8a89-b0f0105291d3,61,Male,Property,98850.5,21,5,882.53,7168.38,High,0
fc737d92-11ab-4d11-a4eb-8000ef40d162,43,Other,Health,153457.79,28,1,791.2,48760.37,Low,0
497ec6d1-081f-46dc-b8d9-a88aef0bea4f,39,Male,Property,42097.19,26,3,3763.4,13925.92,High,0
22ab7752-c4db-4a62-ae13-418d68ab80ea,63,Other,Life,156134.53,25,5,4744.51,17804.87,Medium,1
bab2b77d-fa74-4cc8-a43a-fb7ac40d4874,60,Other,Property,197754.18,16,2,1163.18,22731.74,Low,0
5fdcabbf-6b9c-471c-b6ba-745ba55871e3,25,Female,Property,109509.28,20,1,633.76,36889.92,Medium,0
72d35458-61ea-4f30-a42e-707afe2bd987,71,Male,Property,142059.34,5,3,3220.63,16347.79,Low,0
60a399d4-e821-4716-aac8-0da1de9f6f5b,37,Other,Health,156830.86,21,4,3954.07,39636.57,High,1
f6d22a7b-aec7-4a82-948b-4376602a4e57,30,Female,Property,108245.06,8,4,2046.27,42983.62,High,1
220b9ea9-8a0f-4508-9fe2-c0a0a96b3c42,52,Male,Health,198328.08,28,0,2226.33,15727.96,Low,0
1e5ebe54-5907-4299-9c3b-bdd8a74e02a9,42,Female,Property,26476.6,5,4,3467.35,38969.12,High,1
649f7d88-8989-45ab-be2b-34d82db0728d,74,Other,Auto,108466.33,4,2,3720.75,24372.75,Medium,0
fa8dae42-ba54-4920-a099-d18087623997,25,Other,Property,138814.15,21,4,3074.95,23795.55,Medium,0
c194f97f-00e3-4026-95b6-de85390239d9,72,Male,Health,90449.27,15,4,4868.92,30846.98,High,1
76876c62-4c61-445e-ba7e-5d9405d1fb63,40,Female,Life,31056.32,18,0,1076.89,18320.5,Low,0
6c93a791-8b60-4511-b816-8aebac6a7c85,69,Other,Health,157734.92,20,2,2212.58,21407.41,Low,0
3acb43a3-d2c7-4ffb-a118-433b882ccd1e,40,Female,Life,30160.86,7,1,1555.8,15604.98,Medium,0
27b608dc-589d-4cb0-b5eb-89c23f5cf2f3,23,Other,Health,176409.19,3,2,1264.01,26920.84,Low,0
e00da49d-effa-4002-b040-413c4690fb15,20,Female,Property,122248.89,28,3,1699.78,34797.92,Medium,0
083f64c3-1ce3-42f8-83f7-25feb99b2b5a,55,Male,Life,87992.77,12,2,3076.42,40416.33,High,1
9d6b9b62-6b53-4a19-a902-b73fcf39f648,24,Other,Auto,80474.14,16,5,2027.93,30741.39,High,1
e39836bb-e23d-4faa-afad-49e9c41c147e,41,Female,Auto,109451.31,27,0,4281.71,26791.7,Low,0
1139fa12-34c1-43ea-bd9c-4e6404015ced,36,Female,Health,73517.65,18,3,4120.71,31228.61,High,0
7249f62c-0898-4462-980c-b95c19d45deb,79,Male,Health,126535.64,8,0,3048.93,26553.18,Low,0
df495037-b40a-4181-ac09-bdb799086e47,45,Male,Life,163217.31,20,2,2770.88,14995.45,Low,0
0b531932-bd94-49aa-bea6-e5b20c760d28,60,Other,Life,56013.86,12,2,3312.34,22661.43,Medium,0
8a2db2e6-3bfd-48a6-b05f-ddf566fadca0,66,Other,Auto,178561.38,20,5,2823.01,9326.95,Medium,0
c6ac1b04-dd1d-4cd1-811f-6bf5379ef467,49,Male,Property,68228.47,20,4,4140.2,42638.73,High,1
fe54ee4b-80ff-4173-a3df-ecd70e731dd7,76,Female,Health,114008.53,11,3,1164.85,7523.63,Low,0
ea98fef8-d0d7-4e37-bbf2-025f4a0d2b73,61,Female,Property,93846.85,27,0,3352.67,42298.35,Medium,0
93d563ae-51a3-4c26-937b-f79bbb44badc,35,Female,Auto,66160.39,19,1,2326.4,5677.93,Low,0
d18183d1-ac2b-4cfc-85c5-1060991121e7,30,Male,Auto,163468.06,9,3,2684.22,49564.66,Medium,1
e0527739-4d40-4f1b-bca5-be2952171bf3,45,Other,Health,56358.29,8,1,631.14,39483.49,Medium,0
